,Symbol,Series,Date,Prev Close,Open Price,High Price,Low Price,Last Price,Close Price,Average Price,Total Traded Quantity,Turnover,No. of Trades,Deliverable Qty,% Dly Qt to Traded Qty,Year,Month,VWAP,Day_Perc_Change,Trend
0,TATAPOWER,EQ,2017-05-15,82.3,82.55,83.8,82.15,83.55,83.55,82.85,2007841,166351528.35,13315,796744,39.68,2017,5,83.55,0.0,Slight or No change
1,TATAPOWER,EQ,2017-05-16,83.55,83.9,85.95,83.4,83.7,83.85,84.2,5141578,432930961.3,23193,2125318,41.34,2017,5,83.76574807687169,0.0,Slight or No change
2,TATAPOWER,EQ,2017-05-17,83.85,84.0,86.0,83.6,85.15,85.35,84.92,5499293,466981388.75,32097,2264851,41.18,2017,5,84.45453484908185,2.1543985637342944,Positive
3,TATAPOWER,EQ,2017-05-18,85.35,84.75,85.6,83.5,83.8,83.75,84.49,2296399,194017658.1,6983,1217618,53.02,2017,5,84.34627917116171,-0.11926058437685683,Slight or No change
4,TATAPOWER,EQ,2017-05-19,83.75,84.4,85.45,83.05,83.9,84.15,84.03,6222693,522919913.0,19269,1918659,30.83,2017,5,84.2885790420206,-1.4059753954305698,Negative
5,TATAPOWER,EQ,2017-05-22,84.15,84.25,84.5,80.55,82.0,82.05,82.04,5011530,411146940.1,22255,2305842,46.01,2017,5,83.86004613791931,-2.0298507462686577,Negative
6,TATAPOWER,EQ,2017-05-23,82.05,82.05,82.25,80.0,80.5,80.5,80.41,5940971,477688730.45,21948,4189479,70.52,2017,5,83.23857206835365,-4.337492572786694,Among top losers
7,TATAPOWER,EQ,2017-05-24,80.5,80.65,81.75,80.05,80.25,80.25,80.43,4879178,392440810.0,17019,3525802,72.26,2017,5,82.84446453211251,-2.1937842778793404,Negative
8,TATAPOWER,EQ,2017-05-25,80.25,80.35,81.25,79.85,80.0,80.4,80.37,8911228,716211194.35,29904,5091540,57.14,2017,5,82.36999614970023,-0.1242236024844634,Slight or No change
9,TATAPOWER,EQ,2017-05-26,80.4,80.4,81.25,79.55,81.2,81.05,80.53,2377593,191466207.65,14920,1200115,50.48,2017,5,82.30500290401585,0.9968847352024968,Slight positive
10,TATAPOWER,EQ,2017-05-29,81.05,81.4,81.4,79.8,81.3,81.15,80.82,1724129,139335901.35,11459,757477,43.93,2017,5,82.26518532501709,0.9328358208955168,Slight positive
11,TATAPOWER,EQ,2017-05-30,81.15,81.2,82.8,80.85,82.05,82.4,82.05,1879356,154208164.55,14582,895885,47.67,2017,5,82.27006788492106,1.6656384947563385,Positive
12,TATAPOWER,EQ,2017-05-31,82.4,82.6,82.6,80.6,81.0,81.0,81.26,5984254,486266944.05,47984,4520829,75.55,2017,5,82.13874569310138,-0.1848428835489857,Slight or No change
13,TATAPOWER,EQ,2017-06-01,81.0,81.3,81.35,80.05,80.75,80.7,80.54,2767159,222861845.9,12183,1854477,67.02,2017,6,82.0730954971672,-2.0631067961165095,Negative
14,TATAPOWER,EQ,2017-06-02,80.7,81.0,81.7,80.85,81.2,81.05,81.14,1447974,117491376.0,11053,880352,60.8,2017,6,82.04923678205097,0.06172839506173311,Slight or No change
15,TATAPOWER,EQ,2017-06-05,81.05,81.45,81.55,80.55,81.0,81.0,80.98,2458920,199124669.4,9789,1815292,73.82,2017,6,82.00926799086403,0.3717472118959009,Slight or No change
16,TATAPOWER,EQ,2017-06-06,81.0,81.0,81.05,79.25,79.3,79.6,79.81,3011010,240298418.9,12686,2259482,75.04,2017,6,81.90189363833092,-1.7890191239975373,Negative
17,TATAPOWER,EQ,2017-06-07,79.6,79.5,80.2,79.2,79.75,80.0,79.82,2020824,161303285.65,21068,1173215,58.06,2017,6,81.84665814386007,-1.2345679012345734,Negative
18,TATAPOWER,EQ,2017-06-08,80.0,79.7,79.95,78.55,79.05,79.05,79.07,2330855,184307892.05,13154,1253932,53.8,2017,6,81.75601216737748,-0.6909547738693456,Slight negative
19,TATAPOWER,EQ,2017-06-09,79.05,78.7,79.1,77.55,77.95,77.8,78.01,3785162,295272072.85,18107,2383471,62.97,2017,6,81.55819772826865,-2.750000000000008,Negative
20,TATAPOWER,EQ,2017-06-12,77.8,77.5,79.2,76.65,78.9,78.9,77.62,3119107,242117191.6,16161,1784631,57.22,2017,6,81.45300218084783,-0.1897533206831059,Slight or No change
21,TATAPOWER,EQ,2017-06-13,78.9,79.0,79.5,77.65,77.7,78.1,78.7,2322985,182821951.4,8860,1393413,59.98,2017,6,81.35700797296883,0.385604113110527,Slight or No change
22,TATAPOWER,EQ,2017-06-14,78.1,77.85,77.9,76.75,77.65,77.55,77.37,4060663,314186169.9,21298,2875491,70.81,2017,6,81.17556608277712,-1.7110266159695908,Negative
23,TATAPOWER,EQ,2017-06-15,77.55,77.25,77.9,76.8,77.15,77.1,77.13,3411180,263096857.55,16399,2286207,67.02,2017,6,81.01867414913951,-1.2804097311139517,Negative
24,TATAPOWER,EQ,2017-06-16,77.1,77.1,78.4,76.8,78.3,77.9,77.58,4329268,335872614.1,12344,3259465,75.29,2017,6,80.87340398413406,0.45132172791748637,Slight or No change
25,TATAPOWER,EQ,2017-06-19,77.9,77.9,78.7,77.15,78.0,78.05,77.87,2691021,209553342.25,16505,1798914,66.85,2017,6,80.79395541224304,1.2321660181582317,Positive
26,TATAPOWER,EQ,2017-06-20,78.05,77.7,82.45,77.7,82.35,82.1,81.06,10963089,888661105.2,46025,3736432,34.08,2017,6,80.92827923727567,5.391527599486512,Among top gainers
27,TATAPOWER,EQ,2017-06-21,82.1,82.5,82.5,81.35,81.5,81.75,81.78,5082680,415670805.0,20528,2445722,48.12,2017,6,80.96567734549905,4.74055092889174,Among top gainers
28,TATAPOWER,EQ,2017-06-22,81.75,82.0,83.4,80.75,82.45,82.75,82.14,11286863,927101360.05,30993,4829886,42.79,2017,6,81.12945921525204,0.7917174177831887,Slight positive
29,TATAPOWER,EQ,2017-06-23,82.75,82.7,82.75,81.15,81.6,81.5,81.7,3436311,280758184.0,21976,1545504,44.98,2017,6,81.13953265000498,-0.3058103975535187,Slight or No change
30,TATAPOWER,EQ,2017-06-27,81.5,81.7,83.8,80.8,81.2,81.1,81.79,6031291,493313729.55,24534,3161014,52.41,2017,6,81.13773223781598,-1.9939577039274958,Negative
31,TATAPOWER,EQ,2017-06-28,81.1,81.8,82.0,80.85,81.9,81.65,81.49,3192237,260130959.15,17579,1581809,49.55,2017,6,81.14978963446777,0.18404907975460016,Slight or No change
32,TATAPOWER,EQ,2017-06-29,81.65,82.1,82.7,80.95,81.6,81.55,81.51,2374978,193593062.95,19078,1260861,53.09,2017,6,81.15667726802437,0.5548705302096169,Slight positive
33,TATAPOWER,EQ,2017-06-30,81.55,81.4,81.45,80.5,80.5,80.55,80.87,3999194,323420105.05,19590,2382207,59.57,2017,6,81.13959106834513,-1.3472137170851273,Negative
34,TATAPOWER,EQ,2017-07-03,80.55,80.25,81.1,79.95,80.55,80.4,80.33,5308137,426397033.65,25846,3580555,67.45,2017,7,81.11294025052491,-1.4101778050275793,Negative
35,TATAPOWER,EQ,2017-07-04,80.4,80.9,81.7,80.55,81.55,81.2,81.11,2415946,195953897.25,9875,1187362,49.15,2017,7,81.11434505672169,0.806952203600253,Slight positive
36,TATAPOWER,EQ,2017-07-05,81.2,81.8,82.3,81.55,81.65,81.75,81.91,2227119,182413891.5,11015,781080,35.07,2017,7,81.123661799417,1.6791044776119257,Positive
37,TATAPOWER,EQ,2017-07-06,81.75,82.3,82.5,81.85,81.95,81.95,82.02,1223744,100375977.35,7083,510283,41.7,2017,7,81.13026362478796,0.9236453201970418,Slight positive
38,TATAPOWER,EQ,2017-07-07,81.95,82.0,83.0,81.4,81.65,81.7,81.82,3227783,264106441.65,21295,1782372,55.22,2017,7,81.14202172736877,-0.06116207951070152,Slight or No change
39,TATAPOWER,EQ,2017-07-10,81.7,89.05,89.05,82.6,83.4,83.45,83.41,1442406,120304625.7,3828,1068781,74.1,2017,7,81.16311244215008,1.8303843807199405,Positive
40,TATAPOWER,EQ,2017-07-11,83.45,84.0,84.2,82.75,83.0,83.0,83.12,4536568,377084193.8,15122,3259739,71.85,2017,7,81.21443119312154,1.591187270501826,Positive
41,TATAPOWER,EQ,2017-07-12,83.0,83.7,84.0,82.75,83.05,83.05,83.05,3279731,272380886.15,17982,2503801,76.34,2017,7,81.25077166702057,-0.47932893948472444,Slight or No change
42,TATAPOWER,EQ,2017-07-13,83.05,83.6,83.9,82.9,83.2,83.25,83.29,1882220,156762765.05,9919,1035271,55.0,2017,7,81.27323156986085,0.3012048192771122,Slight or No change
43,TATAPOWER,EQ,2017-07-14,83.25,83.35,83.6,82.75,82.85,82.95,83.02,4106073,340896253.85,6757,3435624,83.67,2017,7,81.31334221419337,-0.12040939193256328,Slight or No change
44,TATAPOWER,EQ,2017-07-17,82.95,83.0,84.1,83.0,83.4,83.4,83.58,5230073,437130467.85,12665,2808753,53.7,2017,7,81.37504199970722,0.18018018018017834,Slight or No change
45,TATAPOWER,EQ,2017-07-18,83.4,83.3,83.9,81.9,82.2,82.45,82.81,3271847,270940819.2,11713,1720494,52.58,2017,7,81.3945651143796,-0.6027727546714878,Slight negative
46,TATAPOWER,EQ,2017-07-19,82.45,82.4,83.25,81.9,83.0,82.95,82.42,3930557,323940017.7,19358,2188340,55.68,2017,7,81.42777725946736,-0.5395683453237488,Slight negative
47,TATAPOWER,EQ,2017-07-20,82.95,82.95,83.5,82.3,83.0,82.9,83.05,1375720,114251304.7,5453,694507,50.48,2017,7,81.43869822297857,0.545785324439052,Slight positive
48,TATAPOWER,EQ,2017-07-21,82.9,83.2,83.6,82.5,83.3,83.35,83.13,2135714,177552492.75,11381,1034685,48.45,2017,7,81.46045812813408,0.4822182037371725,Slight or No change
49,TATAPOWER,EQ,2017-07-24,83.35,83.35,83.5,82.9,83.0,83.25,83.22,2111317,175713522.95,7274,1060860,50.25,2017,7,81.4803749183813,0.42219541616403955,Slight or No change
50,TATAPOWER,EQ,2017-07-25,83.25,83.25,83.4,82.65,82.95,83.0,82.98,7554662,626866842.2,26896,6650244,88.03,2017,7,81.5385739712692,-0.4199160167966287,Slight or No change
51,TATAPOWER,EQ,2017-07-26,83.0,83.0,83.45,81.9,82.5,82.55,82.92,9530863,790319179.5,14157,7614411,79.89,2017,7,81.58519032518193,-0.8408408408408397,Slight negative
52,TATAPOWER,EQ,2017-07-27,82.55,83.0,83.15,81.85,82.1,82.0,82.2,2646710,217549470.35,13825,1734357,65.53,2017,7,81.59043240817373,-1.2048192771084376,Negative
53,TATAPOWER,EQ,2017-07-28,82.0,82.1,82.9,81.1,82.55,82.15,81.88,1689815,138370490.55,7757,747822,44.25,2017,7,81.59491109161785,-0.48455481526347155,Slight or No change
54,TATAPOWER,EQ,2017-07-31,82.15,81.9,82.7,81.1,82.0,82.0,81.86,2681618,219530572.85,12710,1474783,55.0,2017,7,81.59999180220284,0.0,Slight or No change
55,TATAPOWER,EQ,2017-08-01,82.0,81.2,83.25,81.2,83.25,82.8,82.33,2365558,194756670.5,8956,1215801,51.4,2017,8,81.61312336376707,0.7912355447352359,Slight positive
56,TATAPOWER,EQ,2017-08-02,82.8,82.8,82.95,82.1,82.3,82.6,82.56,867025,71578832.05,5089,304685,35.14,2017,8,81.61706570912591,0.7317073170731714,Slight positive
57,TATAPOWER,EQ,2017-08-03,82.6,82.5,83.4,82.2,82.45,82.65,82.83,2966583,245722298.6,9273,1517249,51.14,2017,8,81.63099386067064,-0.18115942028984477,Slight or No change
58,TATAPOWER,EQ,2017-08-04,82.65,82.55,82.75,79.7,80.2,80.25,80.75,5298112,427822909.45,11693,2763158,52.15,2017,8,81.59851935100427,-2.8450363196125816,Negative
59,TATAPOWER,EQ,2017-08-07,80.25,80.7,80.9,79.85,80.0,80.0,80.13,3124773,250381011.8,12752,2100299,67.21,2017,8,81.57665260274979,-3.206291591046584,Among top losers
60,TATAPOWER,EQ,2017-08-08,80.0,80.2,80.4,78.05,78.15,78.25,78.93,1840878,145292253.1,9155,795372,43.21,2017,8,81.55005794492898,-2.492211838006231,Negative
61,TATAPOWER,EQ,2017-08-09,78.25,78.3,78.3,77.15,77.95,77.8,77.77,2107243,163889597.15,11253,1255251,59.57,2017,8,81.5160517281164,-2.750000000000008,Negative
62,TATAPOWER,EQ,2017-08-10,77.8,77.0,77.8,75.8,77.0,76.7,76.98,10816439,832607919.7,20875,7433869,68.73,2017,8,81.30185022867009,-1.9808306709265144,Negative
63,TATAPOWER,EQ,2017-08-11,76.7,76.45,77.1,75.85,76.7,76.55,76.42,4403984,336565734.8,12500,3212725,72.95,2017,8,81.21732987845398,-1.6066838046272514,Negative
64,TATAPOWER,EQ,2017-08-14,76.55,77.0,81.15,76.6,79.65,79.55,79.36,8120241,644444861.75,31099,1663389,20.48,2017,8,81.16438442297006,3.715775749674055,Among top gainers
65,TATAPOWER,EQ,2017-08-16,79.55,81.25,83.45,81.1,82.0,82.05,82.55,11428360,943378547.25,40270,2500956,21.88,2017,8,81.202270483978,7.184846505551934,Bull run
66,TATAPOWER,EQ,2017-08-17,82.05,82.6,82.6,81.35,81.8,81.65,81.81,3774599,308782129.2,30140,1689492,44.76,2017,8,81.208508457174,2.6398491514770583,Positive
67,TATAPOWER,EQ,2017-08-18,81.65,80.4,81.4,80.05,80.4,80.3,80.47,2900287,233378090.45,12871,942288,32.49,2017,8,81.19888563688816,-2.132845825716023,Negative
68,TATAPOWER,EQ,2017-08-21,80.3,80.65,80.85,80.0,80.3,80.2,80.32,2749000,220801815.4,13694,1219079,44.35,2017,8,81.18895711440597,-1.7758726270667546,Negative
69,TATAPOWER,EQ,2017-08-22,80.2,81.0,81.5,79.65,80.1,80.05,80.34,2316424,186096302.45,9396,972308,41.97,2017,8,81.17949698132695,-0.3113325031133263,Slight or No change
70,TATAPOWER,EQ,2017-08-23,80.05,80.35,80.35,78.6,78.7,78.75,79.09,2065914,163389944.7,9450,558547,27.04,2017,8,81.16163230509524,-1.807980049875313,Negative
71,TATAPOWER,EQ,2017-08-24,78.75,79.7,80.8,78.8,79.05,79.15,79.66,7107291,566201246.95,28623,1616683,22.75,2017,8,81.11199942016972,-1.1242973141786239,Negative
72,TATAPOWER,EQ,2017-08-28,79.15,79.3,79.7,78.45,79.0,78.85,78.96,2117665,167214622.3,11915,1030307,48.65,2017,8,81.09549175904776,0.12698412698410877,Slight or No change
73,TATAPOWER,EQ,2017-08-29,78.85,78.35,78.4,76.75,77.0,76.95,77.49,4659510,361084772.3,22337,2090292,44.86,2017,8,81.02997779999517,-2.7795325331648857,Negative
74,TATAPOWER,EQ,2017-08-30,76.95,77.5,78.0,77.05,77.8,77.65,77.6,2203355,170981387.1,8640,782782,35.53,2017,8,81.00490618005526,-1.521876981610637,Negative
75,TATAPOWER,EQ,2017-08-31,77.65,77.7,79.75,77.55,79.25,79.25,78.61,5439368,427610860.6,16601,2445094,44.95,2017,8,80.97334846031464,2.9889538661468373,Positive
76,TATAPOWER,EQ,2017-09-01,79.25,79.25,80.75,78.85,79.9,80.1,80.05,7004328,560721294.95,20469,2102415,30.02,2017,9,80.95358261884331,3.1551835157759056,Among top gainers
77,TATAPOWER,EQ,2017-09-04,80.1,79.85,80.15,78.0,78.5,78.45,78.82,1847590,145635180.25,10821,390030,21.11,2017,9,80.93872518451077,-1.0094637223974745,Negative
78,TATAPOWER,EQ,2017-09-05,78.45,79.0,79.0,78.0,78.3,78.35,78.47,1500822,117769142.2,6940,432675,28.83,2017,9,80.92630571991901,-2.1847690387016283,Negative
79,TATAPOWER,EQ,2017-09-06,78.35,78.3,78.65,77.85,78.05,78.0,78.17,4084036,319247292.6,11220,2898805,70.98,2017,9,80.88859507448299,-0.5736137667304075,Slight negative
80,TATAPOWER,EQ,2017-09-07,78.0,78.15,78.4,77.15,77.4,77.35,77.54,2557393,198292903.75,16500,1461169,57.14,2017,9,80.8602685997679,-1.276324186343336,Negative
81,TATAPOWER,EQ,2017-09-08,77.35,77.55,78.3,76.75,76.95,77.0,77.35,1894241,146528161.75,11215,635218,33.53,2017,9,80.83751503165576,-1.2820512820512775,Negative
82,TATAPOWER,EQ,2017-09-11,77.0,78.0,81.0,77.9,80.9,80.6,79.58,7804066,621019567.75,32619,2079790,26.65,2017,9,80.83188399364634,4.201680672268915,Among top gainers
83,TATAPOWER,EQ,2017-09-12,80.6,81.2,81.8,80.7,80.8,81.0,81.26,5963630,484632706.0,18910,2100332,35.22,2017,9,80.83487555887436,5.1948051948051965,Among top gainers
84,TATAPOWER,EQ,2017-09-13,81.0,85.0,86.7,83.5,85.05,84.8,85.33,31484628,2686671501.4,93698,9950599,31.6,2017,9,81.17539217662458,5.210918114143914,Among top gainers
85,TATAPOWER,EQ,2017-09-14,84.8,85.05,87.3,84.75,85.05,85.25,85.8,15122422,1297525314.8,67103,6247594,41.31,2017,9,81.33680419042538,5.246913580246915,Among top gainers
86,TATAPOWER,EQ,2017-09-15,85.25,84.95,84.95,83.8,84.25,84.3,84.27,6486746,546621833.0,29952,3116859,48.05,2017,9,81.38631479274753,-0.5896226415094352,Slight negative
87,TATAPOWER,EQ,2017-09-18,84.3,85.0,85.25,83.35,83.6,83.7,84.4,3959456,334187446.75,19389,1816734,45.88,2017,9,81.40967323813777,-1.8181818181818188,Negative
88,TATAPOWER,EQ,2017-09-19,83.7,83.8,85.65,82.5,84.45,84.6,84.28,6973722,587723844.3,23332,2702922,38.76,2017,9,81.4654109816246,0.3558718861209842,Slight or No change
89,TATAPOWER,EQ,2017-09-20,84.6,86.0,86.2,83.75,83.9,84.0,84.76,6704318,568279112.9,32599,2579071,38.47,2017,9,81.50727856925623,0.35842293906809264,Slight or No change
90,TATAPOWER,EQ,2017-09-21,84.0,83.9,84.4,82.85,82.95,83.1,83.43,3563888,297344188.45,12932,1402870,39.36,2017,9,81.52114238560522,-1.773049645390068,Negative
91,TATAPOWER,EQ,2017-09-22,83.1,82.9,82.9,80.1,80.4,80.4,81.37,3947805,321224967.15,18961,1682610,42.62,2017,9,81.51043538295451,-4.285714285714281,Among top losers
92,TATAPOWER,EQ,2017-09-25,80.4,81.7,82.5,80.35,82.0,81.85,81.69,9668182,789811489.8,42197,2878368,29.77,2017,9,81.51819567919304,-1.5042117930204602,Negative
93,TATAPOWER,EQ,2017-09-26,81.85,82.9,82.9,79.65,79.85,79.95,80.68,7178936,579196245.25,33449,2294675,31.96,2017,9,81.49202810739665,-0.5597014925373123,Slight negative
94,TATAPOWER,EQ,2017-09-27,79.95,80.35,80.5,77.8,78.3,78.15,79.24,5905731,467949317.45,24369,2366072,40.06,2017,9,81.44677318542283,-4.520464263897361,Among top losers
95,TATAPOWER,EQ,2017-09-28,78.15,78.5,78.75,76.85,77.95,77.25,77.34,42574215,3292629764.35,57890,24641636,57.88,2017,9,81.07352896270504,-3.3771106941838713,Among top losers
96,TATAPOWER,EQ,2017-09-29,77.25,77.95,78.65,77.15,78.0,77.8,77.78,7966435,619596227.6,31378,4104051,51.52,2017,9,81.01994395756412,-0.44785668586053706,Slight or No change
97,TATAPOWER,EQ,2017-10-03,77.8,79.2,79.55,77.1,77.35,77.4,78.15,8461033,661268199.75,53177,4389732,51.88,2017,10,80.95808497442334,0.1941747572815622,Slight or No change
98,TATAPOWER,EQ,2017-10-04,77.4,77.45,78.4,77.35,78.4,78.0,77.81,4682880,364396929.95,36432,2376610,50.75,2017,10,80.93037009184744,0.25706940874037354,Slight or No change
99,TATAPOWER,EQ,2017-10-05,78.0,78.4,79.2,78.3,79.05,78.95,78.92,3315187,261639098.85,21987,1875657,56.58,2017,10,80.91732122866922,2.002583979328154,Positive
100,TATAPOWER,EQ,2017-10-06,78.95,79.45,80.9,79.4,80.65,80.65,80.47,7199557,579356297.2,25150,4451297,61.83,2017,10,80.91354996390551,3.3974358974359076,Among top gainers
101,TATAPOWER,EQ,2017-10-09,80.65,80.35,82.05,80.25,81.5,81.45,81.21,6239160,506686657.3,23007,2740654,43.93,2017,10,80.92002923035942,3.166561114629518,Among top gainers
102,TATAPOWER,EQ,2017-10-10,81.45,81.75,82.1,81.25,81.55,81.55,81.67,3898379,318375934.75,22834,1968033,50.48,2017,10,80.92474779306285,1.1159330440173587,Positive
103,TATAPOWER,EQ,2017-10-11,81.55,81.75,82.55,80.45,80.75,81.0,81.33,5318204,432511918.0,18911,2805015,52.74,2017,10,80.92550895026251,-0.5524861878453025,Slight negative
104,TATAPOWER,EQ,2017-10-12,81.0,81.0,82.1,80.45,81.7,81.7,81.34,4280242,348142916.05,24164,1999686,46.72,2017,10,80.93176289057783,0.18393623543839777,Slight or No change
105,TATAPOWER,EQ,2017-10-13,81.7,82.6,82.6,81.4,81.6,81.65,81.75,2469408,201873523.8,17298,966325,39.13,2017,10,80.93509340378101,0.802469135802486,Slight positive
106,TATAPOWER,EQ,2017-10-16,81.65,82.0,82.25,81.35,81.85,81.95,81.78,2578188,210846406.35,16206,1577143,61.17,2017,10,80.93998323236666,0.3059975520195879,Slight or No change
107,TATAPOWER,EQ,2017-10-17,81.95,81.95,82.1,81.5,81.9,81.6,81.67,3977209,324815180.95,24058,2897281,72.85,2017,10,80.94485257604867,-0.06123698714024517,Slight or No change
108,TATAPOWER,EQ,2017-10-18,81.6,81.8,82.1,81.05,81.9,81.9,81.72,3092776,252727313.15,36546,1853245,59.92,2017,10,80.9503010074835,-0.06101281269066394,Slight or No change
109,TATAPOWER,EQ,2017-10-19,81.9,82.55,82.55,81.05,81.4,81.5,81.82,536886,43927603.7,3708,288876,53.81,2017,10,80.9508447957065,-0.1225490196078316,Slight or No change
110,TATAPOWER,EQ,2017-10-23,81.5,82.0,82.05,81.2,81.7,81.75,81.63,1906801,155650873.05,20520,1069441,56.09,2017,10,80.95364272092341,-0.1831501831501936,Slight or No change
111,TATAPOWER,EQ,2017-10-24,81.75,82.0,82.5,81.55,82.05,82.15,82.08,1983329,162782346.1,11451,1003605,50.6,2017,10,80.95798358908687,0.7975460122699563,Slight positive
112,TATAPOWER,EQ,2017-10-25,82.15,82.5,83.8,81.85,82.3,82.25,82.56,6803458,561677104.1,21906,3837791,56.41,2017,10,80.97386710163666,0.6116207951070374,Slight positive
113,TATAPOWER,EQ,2017-10-26,82.25,82.7,83.3,82.0,82.15,82.15,82.47,7214920,595013700.15,23141,4143221,57.43,2017,10,80.9890031110219,0.0,Slight or No change
114,TATAPOWER,EQ,2017-10-27,82.15,82.5,85.7,82.35,85.35,85.1,84.65,7554777,639476405.4,31799,2876236,38.07,2017,10,81.04366429198248,3.4650455927051516,Among top gainers
115,TATAPOWER,EQ,2017-10-30,85.1,86.0,87.45,85.35,86.0,85.95,86.39,5887950,508667590.55,20566,2613430,44.39,2017,10,81.09398587188339,4.625684723067547,Among top gainers
116,TATAPOWER,EQ,2017-10-31,85.95,86.35,86.35,84.6,85.15,84.9,85.23,3517881,299843324.9,18834,1669624,47.46,2017,10,81.11716682174097,-0.235017626321965,Slight or No change
117,TATAPOWER,EQ,2017-11-01,84.9,85.7,86.2,84.4,85.05,85.2,85.21,3999344,340792119.5,11380,1880084,47.01,2017,11,81.14524269756228,-0.8726003490401424,Slight negative
118,TATAPOWER,EQ,2017-11-02,85.2,85.2,85.7,84.05,84.8,84.8,84.91,3855149,327349052.75,17900,1597903,41.45,2017,11,81.16930922036148,-0.11778563015313326,Slight or No change
119,TATAPOWER,EQ,2017-11-03,84.8,85.95,88.5,83.7,84.25,84.5,86.31,23606567,2037439595.6,79846,5765124,24.42,2017,11,81.29840523391108,-0.8215962441314617,Slight negative
120,TATAPOWER,EQ,2017-11-06,84.5,84.45,86.45,83.75,85.25,85.45,85.46,9048909,773364294.8,36533,3454251,38.17,2017,11,81.3591839959186,0.7665094339622813,Slight positive
121,TATAPOWER,EQ,2017-11-07,85.45,86.0,86.4,82.45,83.1,83.05,84.05,8529822,716962929.5,22603,4072701,47.75,2017,11,81.38219972217382,-1.7159763313609466,Negative
122,TATAPOWER,EQ,2017-11-08,83.05,83.45,84.55,83.0,83.2,83.3,83.69,5729398,479466976.15,15450,3078959,53.74,2017,11,81.39957564760772,-2.5160912814511494,Negative
123,TATAPOWER,EQ,2017-11-09,83.3,83.55,84.4,82.7,83.65,83.75,83.63,3733865,312249900.8,10951,1505208,40.31,2017,11,81.41337261534721,0.8428657435280096,Slight positive
124,TATAPOWER,EQ,2017-11-10,83.75,83.45,84.25,82.35,83.2,82.95,83.42,3201517,267063709.9,10232,1448618,45.25,2017,11,81.42106786616301,-0.42016806722688926,Slight or No change
125,TATAPOWER,EQ,2017-11-13,82.95,83.15,83.35,81.75,82.35,82.2,82.32,3917398,322497442.15,13559,1693321,43.23,2017,11,81.42581184364747,-1.850746268656711,Negative
126,TATAPOWER,EQ,2017-11-14,82.2,82.0,83.2,81.65,81.7,81.8,82.29,5252226,432205036.8,23015,2916448,55.53,2017,11,81.42884257097117,-1.3863773357444265,Negative
127,TATAPOWER,EQ,2017-11-15,81.8,81.7,82.7,81.65,82.25,82.05,82.11,4310040,353910121.15,19188,2504439,58.11,2017,11,81.43294385084813,-0.18248175182482562,Slight or No change
128,TATAPOWER,EQ,2017-11-16,82.05,82.4,85.25,82.4,85.0,84.8,84.29,9687109,816553154.5,46995,3935181,40.62,2017,11,81.48217992753263,3.667481662591676,Among top gainers
129,TATAPOWER,EQ,2017-11-17,84.8,85.5,90.4,85.4,89.85,88.95,87.44,17486215,1528978494.2,42517,8781657,50.22,2017,11,81.67422965296397,8.40950639853748,Bull run
130,TATAPOWER,EQ,2017-11-20,88.95,89.0,92.4,89.0,91.6,91.7,91.46,22268784,2036741337.95,61120,7851130,35.26,2017,11,81.9921679105572,8.13679245283019,Bull run
131,TATAPOWER,EQ,2017-11-21,91.7,92.15,94.6,91.7,92.65,92.9,93.41,17274882,1613664650.55,64130,7453932,43.15,2017,11,82.25406309451749,4.440697020798212,Among top gainers
132,TATAPOWER,EQ,2017-11-22,92.9,92.75,93.4,90.45,93.25,93.05,92.15,10917988,1006075470.15,33141,3930927,36.0,2017,11,82.41543807246285,1.4721919302072006,Positive
133,TATAPOWER,EQ,2017-11-23,93.05,93.4,94.95,92.2,93.1,93.15,93.62,11289675,1056898891.45,40935,4019608,35.6,2017,11,82.5788326476837,0.2691065662002057,Slight or No change
134,TATAPOWER,EQ,2017-11-24,93.15,93.1,94.35,92.6,93.75,93.65,93.32,6622336,618020665.9,18546,2976648,44.95,2017,11,82.67680782653903,0.6448146157979728,Slight positive
135,TATAPOWER,EQ,2017-11-27,93.65,93.4,95.8,92.5,95.75,95.25,94.31,11711838,1104585046.1,32220,5154482,44.01,2017,11,82.87055600727444,2.254428341384851,Positive
136,TATAPOWER,EQ,2017-11-28,95.25,95.75,96.9,94.6,95.9,95.85,96.0,13765563,1321529401.25,43887,4405486,32.0,2017,11,83.10145478301598,2.3491724506139677,Positive
137,TATAPOWER,EQ,2017-11-29,95.85,95.7,97.1,94.5,94.6,95.05,95.96,12104211,1161545141.5,33589,4700300,38.83,2017,11,83.28548205378911,-0.20997375328084544,Slight or No change
138,TATAPOWER,EQ,2017-11-30,95.05,94.75,95.75,93.7,94.95,94.7,94.67,17098296,1618680787.0,40924,9137567,53.44,2017,11,83.52853102283646,-1.1997913406364025,Negative
139,TATAPOWER,EQ,2017-12-01,94.7,94.85,95.6,89.7,90.05,90.25,92.6,7310376,676926092.1,21831,1987340,27.19,2017,12,83.58916994107986,-5.049973698053655,Among top losers
140,TATAPOWER,EQ,2017-12-04,90.25,91.0,91.85,89.25,90.05,89.85,90.51,4903439,443807618.2,17479,1183923,24.14,2017,12,83.62682818811336,-5.121436114044364,Among top losers
141,TATAPOWER,EQ,2017-12-05,89.85,89.75,89.9,88.1,88.9,88.9,88.8,4046457,359305860.05,14387,791327,19.56,2017,12,83.65287316040367,-1.4958448753462528,Negative
142,TATAPOWER,EQ,2017-12-06,88.9,89.0,90.25,87.0,87.45,87.4,88.62,4891755,433504140.3,28604,1355308,27.71,2017,12,83.67511418090277,-2.7267668336115602,Negative
143,TATAPOWER,EQ,2017-12-07,87.4,87.9,91.2,87.7,90.7,90.85,90.09,10031260,903705687.9,42564,2586444,25.78,2017,12,83.76139374834092,2.1934758155230494,Positive
144,TATAPOWER,EQ,2017-12-08,90.85,91.5,93.85,91.2,91.5,91.6,92.36,8248218,761804761.7,31219,2073901,25.14,2017,12,83.83814109199872,4.8054919908466776,Among top gainers
145,TATAPOWER,EQ,2017-12-11,91.6,92.2,94.05,90.35,93.25,93.55,92.57,8217955,760705702.75,28599,2628114,31.98,2017,12,83.93196520667088,2.971931755641166,Positive
146,TATAPOWER,EQ,2017-12-12,93.55,92.85,93.0,90.15,90.7,90.55,91.43,5463807,499571258.25,16501,1613299,29.53,2017,12,83.97420211859094,-1.1462882096069826,Negative
147,TATAPOWER,EQ,2017-12-13,90.55,90.55,91.65,89.9,90.3,90.25,90.48,7782576,704162732.45,19761,2303202,29.59,2017,12,84.03073875051359,-3.5275253874933132,Among top losers
148,TATAPOWER,EQ,2017-12-14,90.25,90.5,91.0,89.35,90.75,90.5,90.04,9796726,882098616.0,27960,5602960,57.19,2017,12,84.10327849453873,-0.055218111540578096,Slight or No change
149,TATAPOWER,EQ,2017-12-15,90.5,91.55,92.1,90.7,90.95,91.2,91.29,4984491,455015457.3,18741,1463122,29.35,2017,12,84.1435361339495,1.0526315789473717,Positive
150,TATAPOWER,EQ,2017-12-18,91.2,90.0,93.05,88.3,91.2,91.1,91.15,8374309,763352174.6,22051,2091810,24.98,2017,12,84.2092092720686,0.6629834254143541,Slight positive
151,TATAPOWER,EQ,2017-12-19,91.1,91.8,92.0,90.6,91.0,91.1,91.16,3616578,329704987.15,11730,1545678,42.74,2017,12,84.23718942614144,-0.10964912280703176,Slight or No change
152,TATAPOWER,EQ,2017-12-20,91.1,91.0,91.9,90.55,90.85,90.85,91.06,4907711,446895642.1,15341,1865615,38.01,2017,12,84.27342722546348,-0.27442371020856005,Slight or No change
153,TATAPOWER,EQ,2017-12-21,90.85,90.85,91.7,90.6,90.95,91.0,91.05,4925527,448478838.1,31257,2236133,45.4,2017,12,84.3102198949708,-0.1097694840834218,Slight or No change
154,TATAPOWER,EQ,2017-12-22,91.0,91.3,93.85,90.95,92.65,92.75,92.82,12421581,1152983692.65,47307,4870404,39.21,2017,12,84.42505456361495,2.091359383599345,Positive
155,TATAPOWER,EQ,2017-12-26,92.75,95.9,95.9,92.6,93.1,93.15,93.71,8476138,794338336.1,40967,2085512,24.6,2017,12,84.50531695732658,2.3626373626373764,Positive
156,TATAPOWER,EQ,2017-12-27,93.15,93.5,94.2,91.55,92.2,92.3,93.04,5456865,507705633.15,23495,1605291,29.42,2017,12,84.55120806902195,-0.48517520215634047,Slight or No change
157,TATAPOWER,EQ,2017-12-28,92.3,92.65,93.5,91.6,92.45,92.05,92.54,6436421,595619115.05,17209,3200257,49.72,2017,12,84.6029231474381,-1.180891035963505,Negative
158,TATAPOWER,EQ,2017-12-29,92.05,92.75,94.75,92.3,93.4,93.5,93.48,9494201,887521144.1,28265,4542843,47.85,2017,12,84.69251974979788,1.300108342361872,Positive
159,TATAPOWER,EQ,2018-01-01,93.5,93.8,100.0,92.4,97.15,97.15,97.36,33659894,3277081194.15,90941,7120241,21.15,2018,1,85.12195106139563,5.540467137425331,Among top gainers
160,TATAPOWER,EQ,2018-01-02,97.15,98.25,100.25,96.15,99.6,99.7,98.42,29174233,2871204993.9,75668,8813769,30.21,2018,1,85.54487655457828,6.631016042780757,Among top gainers
161,TATAPOWER,EQ,2018-01-03,99.7,100.3,101.6,99.6,100.45,100.8,100.6,23056832,2319521984.05,63603,7495937,32.51,2018,1,85.88680508732647,3.757076685537819,Among top gainers
162,TATAPOWER,EQ,2018-01-04,100.8,100.95,101.0,99.25,99.5,99.6,99.74,6688043,667059168.5,22391,2310138,34.54,2018,1,85.97538662706152,-0.10030090270812808,Slight or No change
163,TATAPOWER,EQ,2018-01-05,99.6,99.8,101.8,99.3,99.4,99.55,100.38,11646646,1169078769.7,41950,4759461,40.87,2018,1,86.12638624283505,-1.2400793650793607,Negative
164,TATAPOWER,EQ,2018-01-08,99.55,100.0,100.5,98.9,100.05,99.85,99.72,5874354,585799255.25,19968,2112121,35.95,2018,1,86.2029540599378,0.25100401606426015,Slight or No change
165,TATAPOWER,EQ,2018-01-09,99.85,100.05,101.5,98.3,98.85,98.6,99.61,8661596,862809189.65,28884,1878368,21.69,2018,1,86.30410634230509,-0.9542943244600699,Slight negative
166,TATAPOWER,EQ,2018-01-10,98.6,98.85,99.9,97.1,98.35,98.25,98.45,5961340,586890558.0,21081,1045627,17.54,2018,1,86.37081620498266,-1.6024036054081092,Negative
167,TATAPOWER,EQ,2018-01-11,98.25,98.3,100.25,97.8,99.65,99.55,99.31,7143254,709414784.1,23308,2279388,31.91,2018,1,86.45841854666801,0.9634888438133871,Slight positive
168,TATAPOWER,EQ,2018-01-12,99.55,99.7,101.15,97.45,98.8,99.05,99.69,8351731,832575999.95,32955,1616916,19.36,2018,1,86.5555200136522,0.8142493638676918,Slight positive
169,TATAPOWER,EQ,2018-01-15,99.05,99.55,99.8,97.7,98.2,97.95,98.81,4943917,488517203.35,15199,2055001,41.57,2018,1,86.6072993708948,-1.6072325464590587,Negative
170,TATAPOWER,EQ,2018-01-16,97.95,98.2,98.45,92.9,93.7,93.65,94.99,9672170,918737529.3,32570,3091653,31.96,2018,1,86.66935914492653,-5.451792024230173,Among top losers
171,TATAPOWER,EQ,2018-01-17,93.65,93.7,94.0,91.5,93.4,93.2,92.93,11511446,1069792658.4,27587,5833596,50.68,2018,1,86.73713917005729,-4.849412965798871,Among top losers
172,TATAPOWER,EQ,2018-01-18,93.2,93.9,94.25,90.05,90.5,90.6,92.47,8188295,757189049.85,25812,3613342,44.13,2018,1,86.7654481447287,-3.256807261078498,Among top losers
173,TATAPOWER,EQ,2018-01-19,90.6,90.7,92.5,90.2,92.05,92.2,91.53,4545029,415989370.95,14547,1169644,25.73,2018,1,86.787465186119,-1.0729613733905574,Negative
174,TATAPOWER,EQ,2018-01-22,92.2,92.6,92.75,91.25,92.1,92.1,91.71,3904900,358116733.7,13812,1402866,35.93,2018,1,86.80589246625688,1.655629139072845,Positive
175,TATAPOWER,EQ,2018-01-23,92.1,92.25,93.4,91.75,92.45,92.5,92.44,4928177,455580778.7,19175,1734801,35.2,2018,1,86.83071033465893,0.32537960954446277,Slight or No change
176,TATAPOWER,EQ,2018-01-24,92.5,92.25,92.9,90.85,91.35,91.8,91.79,4353614,399629697.9,15320,1728681,39.71,2018,1,86.84977054837636,-0.32573289902280145,Slight or No change
177,TATAPOWER,EQ,2018-01-25,91.8,91.85,92.6,89.55,89.95,89.95,90.7,10848150,983973950.75,29504,5761631,53.11,2018,1,86.8791201384625,-2.756756756756751,Negative
178,TATAPOWER,EQ,2018-01-29,89.95,90.1,91.15,89.45,89.9,90.05,90.27,4361006,393665911.5,19982,1631785,37.42,2018,1,86.8911419334513,-1.9063180827886717,Negative
179,TATAPOWER,EQ,2018-01-30,90.05,88.65,91.4,88.15,90.55,90.6,89.95,6984202,628220621.0,17950,1859048,26.62,2018,1,86.91352558115865,0.7226236798221208,Slight positive
180,TATAPOWER,EQ,2018-01-31,90.6,90.4,91.2,88.55,88.95,89.0,89.7,5862598,525863888.45,21475,2792251,47.63,2018,1,86.92404235321169,-1.1660188784008874,Negative
181,TATAPOWER,EQ,2018-02-01,89.0,89.0,90.85,87.75,89.65,89.7,89.66,9055967,811943468.35,53766,3726923,41.15,2018,2,86.94548896197176,-0.9933774834437026,Slight negative
182,TATAPOWER,EQ,2018-02-02,89.7,88.4,88.7,84.15,84.8,84.8,86.12,6950966,598640980.7,32215,2168532,31.2,2018,2,86.93284117208673,-4.719101123595504,Among top losers
183,TATAPOWER,EQ,2018-02-05,84.8,83.4,85.5,82.35,85.0,85.0,84.42,5165430,436061189.6,20190,1844640,35.71,2018,2,86.92441078615784,-5.2396878483835,Among top losers
184,TATAPOWER,EQ,2018-02-06,85.0,82.0,84.2,79.55,82.7,82.8,82.27,7742393,636983779.9,30112,2739699,35.39,2018,2,86.8976220688076,-2.358490566037741,Negative
185,TATAPOWER,EQ,2018-02-07,82.8,83.95,85.85,83.7,84.15,84.7,84.65,5612811,475136361.3,17901,1896702,33.79,2018,2,86.88732275989472,-0.3529411764705892,Slight or No change
186,TATAPOWER,EQ,2018-02-08,84.7,84.95,86.15,84.65,84.9,85.05,85.39,3975580,339474206.55,16155,1405619,35.36,2018,2,86.88124391098656,2.717391304347827,Positive
187,TATAPOWER,EQ,2018-02-09,85.05,82.5,85.95,82.5,85.05,85.05,84.66,3539836,299669414.4,13822,996465,28.15,2018,2,86.87586508835662,0.4132231404958553,Slight or No change
188,TATAPOWER,EQ,2018-02-12,85.05,85.5,87.35,85.5,86.6,86.75,86.5,3958245,342378108.25,15889,1318195,33.3,2018,2,86.87545304608706,1.9988242210464469,Positive
189,TATAPOWER,EQ,2018-02-14,86.75,87.5,88.9,86.45,86.7,87.1,87.3,8735379,762573341.6,25994,2036042,23.31,2018,2,86.87706367836115,2.41034685479129,Positive
190,TATAPOWER,EQ,2018-02-15,87.1,88.8,88.8,85.6,86.55,86.25,86.97,4726842,411112113.2,16367,1386406,29.33,2018,2,86.87463925846868,-0.5763688760806907,Slight negative
191,TATAPOWER,EQ,2018-02-16,86.25,86.5,87.4,85.85,86.7,86.65,86.55,3919700,339231883.65,16474,1099229,28.04,2018,2,86.87392134280985,-0.5166475315728891,Slight negative
192,TATAPOWER,EQ,2018-02-19,86.65,86.7,86.85,85.0,85.9,86.1,85.83,3506211,300950876.8,15765,1337626,38.15,2018,2,86.87171521813167,-0.17391304347826875,Slight or No change
193,TATAPOWER,EQ,2018-02-20,86.1,86.1,86.8,85.55,86.15,86.4,86.29,2973442,256580034.05,15306,1200853,40.39,2018,2,86.8705776277044,-0.288517022504331,Slight or No change
194,TATAPOWER,EQ,2018-02-21,86.4,86.5,87.1,84.6,86.3,86.35,86.09,6105693,525643506.05,18937,2508084,41.08,2018,2,86.86801242487418,0.29036004645761615,Slight or No change
195,TATAPOWER,EQ,2018-02-22,86.35,86.2,87.2,83.45,83.75,84.9,84.98,11344724,964021818.9,17612,5976267,52.68,2018,2,86.8501572212726,-1.736111111111116,Negative
196,TATAPOWER,EQ,2018-02-23,84.9,85.0,86.45,84.5,85.7,85.75,85.58,6224406,532678419.1,13085,1727995,27.76,2018,2,86.84470794010362,-0.694846554719164,Slight negative
197,TATAPOWER,EQ,2018-02-26,85.75,85.85,87.1,85.6,85.9,85.9,86.25,5083760,438459665.6,10040,1909690,37.56,2018,2,86.8409015283633,1.1778563015312216,Positive
198,TATAPOWER,EQ,2018-02-27,85.9,86.35,86.9,85.3,85.4,85.65,86.09,3483539,299887048.4,8857,1367243,39.25,2018,2,86.83762259728192,-0.11661807580174433,Slight or No change
199,TATAPOWER,EQ,2018-02-28,85.65,85.55,85.8,84.25,84.45,84.5,84.82,3879178,329023231.85,16224,2150566,55.44,2018,2,86.83047729931872,-1.6298020954598424,Negative
200,TATAPOWER,EQ,2018-03-01,84.5,85.0,85.95,83.95,84.5,84.3,84.92,6936315,589004192.6,21809,1335287,19.25,2018,3,86.81672199222389,-1.5761821366024664,Negative
201,TATAPOWER,EQ,2018-03-05,84.3,84.3,84.3,81.4,82.4,82.15,82.45,5009614,413030313.0,14455,1757320,35.08,2018,3,86.79847238353892,-2.781065088757395,Negative
202,TATAPOWER,EQ,2018-03-06,82.15,82.6,83.15,81.1,81.55,81.75,82.23,4764070,391765080.8,12763,1353309,28.41,2018,3,86.7797671396026,-3.0249110320284656,Among top losers
203,TATAPOWER,EQ,2018-03-07,81.75,81.2,81.7,79.0,79.05,79.2,79.93,3996821,319485447.55,11970,1116702,27.94,2018,3,86.7562790365929,-3.590992087644551,Among top losers
204,TATAPOWER,EQ,2018-03-08,79.2,78.6,80.4,77.0,79.4,79.9,78.74,8699087,684977331.7,31521,2457106,28.25,2018,3,86.71034651745278,-2.2629969418960227,Negative
205,TATAPOWER,EQ,2018-03-09,79.9,80.0,81.6,79.8,80.0,80.0,80.31,5486959,440667305.3,16718,2107140,38.4,2018,3,86.68211049787803,1.0101010101010166,Positive
206,TATAPOWER,EQ,2018-03-12,80.0,80.55,81.05,79.95,80.6,80.85,80.36,3328605,267481231.3,9556,1414388,42.49,2018,3,86.66726114140187,1.1889862327909784,Positive
207,TATAPOWER,EQ,2018-03-13,80.85,80.8,82.25,80.4,81.0,81.35,81.19,5000216,405958379.95,11034,1000384,20.01,2018,3,86.64700118698586,1.6874999999999973,Positive
208,TATAPOWER,EQ,2018-03-14,81.35,81.25,81.4,79.85,80.4,80.4,80.47,3251098,261608201.25,7918,1042597,32.07,2018,3,86.63156326726968,-0.5565862708719727,Slight negative
209,TATAPOWER,EQ,2018-03-15,80.4,80.6,81.2,80.0,80.1,80.25,80.27,3876762,311205264.6,7124,2052414,52.94,2018,3,86.61281308757259,-1.3521819299323834,Negative
210,TATAPOWER,EQ,2018-03-16,80.25,80.25,80.65,79.7,80.25,79.95,80.01,9813941,785209315.6,15819,7331028,74.7,2018,3,86.56362137008712,-0.5597014925373123,Slight negative
211,TATAPOWER,EQ,2018-03-19,79.95,79.95,80.5,78.85,79.7,79.55,79.47,4114695,326993484.4,28975,1922305,46.72,2018,3,86.54197781472102,-0.8722741433021874,Slight negative
212,TATAPOWER,EQ,2018-03-20,79.55,78.8,80.55,78.8,80.1,80.35,80.05,2206517,176638842.35,11131,953520,43.21,2018,3,86.5317480130614,0.500312695434646,Slight positive
213,TATAPOWER,EQ,2018-03-21,80.35,80.4,80.75,79.8,80.0,79.95,80.05,5279874,422673433.9,12773,3370514,63.84,2018,3,86.50583118399582,0.5028284098051561,Slight positive
214,TATAPOWER,EQ,2018-03-22,79.95,79.9,80.35,79.75,80.05,80.0,80.02,3112967,249102366.5,9507,1888142,60.65,2018,3,86.49076208582186,-0.43559427504666903,Slight or No change
215,TATAPOWER,EQ,2018-03-23,80.0,78.0,80.3,78.0,79.65,80.0,79.53,6418882,510476390.25,27448,4189158,65.26,2018,3,86.45990920217164,0.0625390869293252,Slight or No change
216,TATAPOWER,EQ,2018-03-26,80.0,81.0,81.25,78.75,80.0,79.9,79.69,6556759,522532271.95,26219,1947008,29.69,2018,3,86.42821176617063,-0.12499999999999734,Slight or No change
217,TATAPOWER,EQ,2018-03-27,79.9,80.45,81.5,79.7,80.3,80.1,80.36,4073519,327334024.6,16709,1424537,34.97,2018,3,86.40927150134264,0.12499999999999734,Slight or No change
218,TATAPOWER,EQ,2018-03-28,80.1,79.8,80.35,78.35,78.65,79.0,79.36,10620637,842874619.95,23369,6479954,61.01,2018,3,86.3519014105898,-1.126408010012525,Negative
219,TATAPOWER,EQ,2018-04-02,79.0,79.0,82.2,78.75,81.75,81.9,80.77,3657360,295420377.2,19189,1500965,41.04,2018,4,86.34006237722438,2.2471910112359605,Positive
220,TATAPOWER,EQ,2018-04-03,81.9,81.15,84.6,81.15,84.5,84.45,83.23,3298435,274528584.3,12078,1281724,38.86,2018,4,86.33554020889731,6.898734177215204,Among top gainers
221,TATAPOWER,EQ,2018-04-04,84.45,84.7,85.95,82.55,82.7,83.05,84.26,4973672,419084242.7,14926,1532602,30.81,2018,4,86.32372932049873,1.4041514041513992,Positive
222,TATAPOWER,EQ,2018-04-05,83.05,84.0,84.75,83.3,83.35,83.5,83.82,2956519,247811333.95,8782,1278368,43.24,2018,4,86.31770822753774,-1.1249259917110788,Negative
223,TATAPOWER,EQ,2018-04-06,83.5,83.55,85.1,82.6,84.0,84.5,83.81,4231975,354691243.6,11918,1058808,25.02,2018,4,86.312177079004,1.7459361830222786,Positive
224,TATAPOWER,EQ,2018-04-09,84.5,84.15,85.4,83.95,85.0,85.0,84.67,1829399,154886449.7,10197,967481,52.89,2018,4,86.31045331405491,1.7964071856287456,Positive
225,TATAPOWER,EQ,2018-04-10,85.0,85.3,87.6,84.0,87.0,87.1,86.39,8597297,742685885.2,19578,2447793,28.47,2018,4,86.31529775854702,3.076923076923066,Among top gainers
226,TATAPOWER,EQ,2018-04-11,87.1,86.9,88.1,86.0,87.05,87.0,86.97,5792098,503751358.3,16940,2661020,45.94,2018,4,86.31811646819735,2.35294117647058,Positive
227,TATAPOWER,EQ,2018-04-12,87.0,87.1,88.45,86.3,87.6,87.85,87.48,8423805,736926168.75,13729,3745348,44.46,2018,4,86.32723351754287,0.8610792192881744,Slight positive
228,TATAPOWER,EQ,2018-04-13,87.85,87.8,88.7,87.2,87.55,87.65,87.78,4719330,414267489.2,9499,2269164,48.08,2018,4,86.33162931967793,0.7471264367816088,Slight positive
229,TATAPOWER,EQ,2018-04-16,87.65,86.85,88.25,85.65,87.45,87.8,87.23,2340628,204180257.15,7849,854584,36.51,2018,4,86.33404548973158,-0.05691519635742104,Slight or No change
230,TATAPOWER,EQ,2018-04-17,87.8,87.85,88.1,87.0,87.15,87.45,87.37,3111160,271832433.45,15582,1407416,45.24,2018,4,86.33648094074468,-0.22818026240730704,Slight or No change
231,TATAPOWER,EQ,2018-04-18,87.45,87.55,88.35,87.1,87.5,87.65,87.67,3471674,304350001.35,8313,1551629,44.69,2018,4,86.33967196078488,-0.17084282460135825,Slight or No change
232,TATAPOWER,EQ,2018-04-19,87.65,87.85,88.55,86.5,86.6,86.8,87.22,7133021,622172643.75,12382,4537735,63.62,2018,4,86.34195825846544,-0.7432818753573489,Slight negative
233,TATAPOWER,EQ,2018-04-20,86.8,86.8,86.9,85.5,85.75,85.9,86.07,4158260,357883998.15,8752,2703927,65.03,2018,4,86.34068232181187,-1.996577296063895,Negative
234,TATAPOWER,EQ,2018-04-23,85.9,85.5,86.1,84.6,85.45,85.4,85.27,4863546,414720452.4,11436,1878225,38.62,2018,4,86.33751663294669,-1.612903225806439,Negative
235,TATAPOWER,EQ,2018-04-24,85.4,85.4,86.25,84.55,85.25,85.25,85.16,5006507,426353028.5,8882,3471260,69.33,2018,4,86.33376222848828,-0.7566938300349269,Slight negative
236,TATAPOWER,EQ,2018-04-25,85.25,85.1,86.95,84.75,86.25,86.05,85.36,3593228,306706285.35,12270,1600714,44.55,2018,4,86.33306087825416,0.7611241217798437,Slight positive
237,TATAPOWER,EQ,2018-04-26,86.05,86.0,87.2,84.9,85.1,86.05,85.69,3632913,311313656.75,10862,1475865,40.62,2018,4,86.33235529782957,0.9384164222873803,Slight positive
238,TATAPOWER,EQ,2018-04-27,86.05,85.9,88.6,85.2,87.45,87.8,87.13,6838988,595856505.55,11863,1780130,26.03,2018,4,86.3392100426507,2.033701336432303,Positive
239,TATAPOWER,EQ,2018-04-30,87.8,87.85,89.15,87.1,87.85,88.3,88.08,6431222,566478469.1,15513,2099330,32.64,2018,4,86.34778436500947,2.614758861127253,Positive
240,TATAPOWER,EQ,2018-05-02,88.3,88.75,89.55,86.3,87.0,87.0,87.82,5877657,516184874.2,17564,2070781,35.23,2018,5,86.35038056700009,-0.9111617312072884,Slight negative
241,TATAPOWER,EQ,2018-05-03,87.0,88.0,88.75,84.9,86.85,86.15,86.19,8417244,725461869.45,25379,3035653,36.06,2018,5,86.34924477217314,-2.4348810872027116,Negative
242,TATAPOWER,EQ,2018-05-04,86.15,86.1,86.55,83.4,84.35,85.45,85.05,8584365,730119468.9,17037,4196805,48.89,2018,5,86.34407635982365,-1.7816091954023006,Negative
243,TATAPOWER,EQ,2018-05-07,85.45,84.9,86.15,84.35,84.85,85.1,85.29,6888782,587575611.25,20117,3461620,50.25,2018,5,86.33836470353258,-1.2188044109112117,Negative
244,TATAPOWER,EQ,2018-05-08,85.1,85.2,86.2,82.7,83.95,84.25,84.42,6183895,522034183.25,12820,2934974,47.46,2018,5,86.3297932424882,-1.404330017554134,Negative
245,TATAPOWER,EQ,2018-05-09,84.25,84.0,84.6,82.9,82.95,83.35,83.8,4556128,381783548.1,8134,2882551,63.27,2018,5,86.32080950349683,-2.056404230317277,Negative
246,TATAPOWER,EQ,2018-05-10,83.35,83.35,83.75,80.85,81.6,82.0,81.92,5727033,469167148.1,12994,2365272,41.3,2018,5,86.30449675470196,-2.670623145400597,Negative
247,TATAPOWER,EQ,2018-05-11,82.0,81.8,82.4,80.8,81.3,81.9,81.72,4097448,334827725.2,8418,1168695,28.52,2018,5,86.29263167709561,-1.7396520695860729,Negative
248,TATAPOWER,EQ,2018-05-14,81.9,81.6,82.0,80.35,81.5,81.55,81.26,7645061,621209994.2,12939,4046991,52.94,2018,5,86.26891336402811,-0.5487804878048785,Slight negative
249,TATAPOWER,EQ,2018-05-15,81.55,81.35,82.1,80.35,81.15,81.25,81.27,4188197,340378698.35,12942,1756127,41.93,2018,5,86.25520037859778,-0.7936507936508019,Slight negative
250,TATAPOWER,EQ,2018-05-16,81.25,80.7,81.5,80.5,81.05,81.25,81.05,2846781,230739851.1,12771,907409,31.87,2018,5,86.24592215284518,-0.3678724708767622,Slight or No change
251,TATAPOWER,EQ,2018-05-17,81.25,81.5,82.5,80.55,81.4,81.65,81.37,5906232,480603244.25,13485,2823101,47.8,2018,5,86.22831433579147,0.492307692307703,Slight or No change
252,TATAPOWER,EQ,2018-05-18,81.65,81.5,81.5,80.25,80.4,80.85,80.85,7138023,577103334.15,14511,3826431,53.61,2018,5,86.2035264068054,-0.492307692307703,Slight or No change
253,TATAPOWER,EQ,2018-05-21,80.85,80.75,80.8,78.35,78.7,78.8,79.41,3399879,269970680.85,12540,1480720,43.55,2018,5,86.18730957995608,-3.490508266993275,Among top losers
254,TATAPOWER,EQ,2018-05-22,78.8,78.95,79.25,77.7,77.75,77.85,78.31,3793522,297057360.5,9272,980811,25.85,2018,5,86.16698263128576,-3.710575139146566,Among top losers
255,TATAPOWER,EQ,2018-05-23,77.85,78.0,78.55,77.05,77.1,77.45,77.73,2530994,196730400.75,9508,833366,32.93,2018,5,86.15282615781182,-1.7131979695431454,Negative
256,TATAPOWER,EQ,2018-05-24,77.45,77.55,77.9,75.3,75.95,76.45,76.49,5298717,405319296.2,10841,2072949,39.12,2018,5,86.11994911879826,-1.7983301220295345,Negative
257,TATAPOWER,EQ,2018-05-25,76.45,76.4,81.7,75.95,81.2,81.2,79.53,6118812,486618985.6,27188,1408021,23.01,2018,5,86.10077323280589,4.841833440929633,Among top gainers
258,TATAPOWER,EQ,2018-05-28,81.2,81.25,83.0,80.65,81.95,82.3,81.99,3655542,299715281.75,8936,1345006,36.79,2018,5,86.09194362592363,7.652060170045782,Bull run
259,TATAPOWER,EQ,2018-05-29,82.3,82.0,84.35,81.6,82.75,83.5,83.02,7252300,602116359.65,12646,2849084,39.29,2018,5,86.08005252842393,2.8325123152709297,Positive
260,TATAPOWER,EQ,2018-05-30,83.5,82.45,84.0,81.5,82.2,82.45,82.53,5164168,426212762.35,14306,2321072,44.95,2018,5,86.06823252877587,0.18226002430135058,Slight or No change
261,TATAPOWER,EQ,2018-05-31,82.45,82.45,83.2,79.85,80.5,81.3,81.63,9109367,743587950.35,34116,5317313,58.37,2018,5,86.04100159757579,-2.6347305389221587,Negative
262,TATAPOWER,EQ,2018-06-01,81.3,80.65,81.25,78.3,79.55,79.6,79.76,3087156,246242283.35,16084,942639,30.53,2018,6,86.02855962843813,-3.4566403881140184,Among top losers
263,TATAPOWER,EQ,2018-06-04,79.6,79.65,80.05,76.6,77.25,77.2,78.43,2185214,171380652.4,14926,873646,39.98,2018,6,86.01650461911167,-5.043050430504303,Among top losers
264,TATAPOWER,EQ,2018-06-05,77.2,77.1,79.25,76.3,78.7,78.8,77.82,5406955,420751498.7,17387,2952116,54.6,2018,6,85.99220505194997,-1.005025125628134,Negative
265,TATAPOWER,EQ,2018-06-06,78.8,78.7,79.7,77.45,78.3,78.1,78.32,2849279,223167681.9,15362,1231211,43.21,2018,6,85.97822585276941,1.165803108808272,Positive
266,TATAPOWER,EQ,2018-06-07,78.1,78.7,79.9,78.1,78.6,78.35,78.77,3366418,265187337.4,21441,1687546,50.13,2018,6,85.9622952349389,-0.5710659898477188,Slight negative
267,TATAPOWER,EQ,2018-06-08,78.35,79.0,79.0,77.7,77.9,77.95,78.17,4045326,316233348.85,16680,2768556,68.44,2018,6,85.94223837276189,-0.1920614596670811,Slight or No change
268,TATAPOWER,EQ,2018-06-11,77.95,78.3,80.35,78.1,78.3,78.4,79.04,7365983,582217853.35,25838,3416179,46.38,2018,6,85.90801613296372,0.06381620931719123,Slight or No change
269,TATAPOWER,EQ,2018-06-12,78.4,79.0,79.2,77.7,77.7,77.8,78.28,3505780,274428811.05,13853,1322822,37.73,2018,6,85.89054424403982,-0.19243104554201862,Slight or No change
270,TATAPOWER,EQ,2018-06-13,77.8,78.2,78.35,76.8,76.85,77.05,77.56,3049374,236521779.05,12734,1602859,52.56,2018,6,85.8740049475445,-1.7219387755102122,Negative
271,TATAPOWER,EQ,2018-06-14,77.05,77.2,77.75,76.35,77.25,77.3,77.13,2956563,228028123.95,16672,1157243,39.14,2018,6,85.85848067888658,-0.6426735218509005,Slight negative
272,TATAPOWER,EQ,2018-06-15,77.3,77.4,77.6,75.9,76.1,76.1,76.31,2703757,206336790.9,14085,1438437,53.2,2018,6,85.84234929465583,-1.2329656067488703,Negative
273,TATAPOWER,EQ,2018-06-18,76.1,76.1,76.35,74.8,74.9,75.0,75.33,1857389,139911544.85,8909,728653,39.23,2018,6,85.83005071009214,-2.975420439844756,Negative
274,TATAPOWER,EQ,2018-06-19,75.0,74.6,74.85,73.05,73.15,73.4,73.76,3696735,272675350.85,28472,1022238,27.65,2018,6,85.80205182557269,-3.5479632063074806,Among top losers
275,TATAPOWER,EQ,2018-06-20,73.4,73.35,74.5,72.8,73.9,73.85,73.73,3586906,264462861.35,15215,1603243,44.7,2018,6,85.77598646020128,-1.533333333333342,Negative
276,TATAPOWER,EQ,2018-06-21,73.85,74.8,75.2,73.9,74.45,74.55,74.62,2985501,222781597.2,12936,1040111,34.84,2018,6,85.75564624783601,1.566757493187998,Positive
277,TATAPOWER,EQ,2018-06-22,74.55,75.1,76.35,75.0,76.25,76.15,75.81,3099772,234987819.55,15059,1042555,33.63,2018,6,85.737609682298,3.114421123899813,Among top gainers
278,TATAPOWER,EQ,2018-06-25,76.15,76.75,77.3,76.0,76.2,76.35,76.44,4466618,341421860.05,20953,1242153,27.81,2018,6,85.71227835969813,2.4144869215291687,Positive
279,TATAPOWER,EQ,2018-06-26,76.35,76.55,76.55,75.0,75.15,75.1,75.55,2552275,192815529.2,12124,806050,31.58,2018,6,85.69594065606695,-1.3788575180564866,Negative
280,TATAPOWER,EQ,2018-06-27,75.1,75.0,75.25,71.3,71.65,71.9,72.61,4334784,314744019.85,23630,1913554,44.14,2018,6,85.65996244011393,-5.828421741977719,Among top losers
281,TATAPOWER,EQ,2018-06-28,71.9,71.4,74.85,71.0,71.9,71.65,72.79,7471148,543861832.75,24375,2700103,36.14,2018,6,85.59727255520079,-4.593874833555245,Among top losers
282,TATAPOWER,EQ,2018-06-29,71.65,72.0,73.65,71.8,73.65,73.25,72.77,3668110,266921152.9,23340,1819216,49.6,2018,6,85.57020596913544,1.8776077885952702,Positive
283,TATAPOWER,EQ,2018-07-02,73.25,73.6,73.85,71.9,72.25,72.25,72.48,2632012,190764496.8,9318,1226820,46.61,2018,7,85.54928719046714,0.8374040474528943,Slight positive
284,TATAPOWER,EQ,2018-07-03,72.25,72.5,73.0,71.9,72.3,72.2,72.38,3149476,227964853.6,15593,1073137,34.07,2018,7,85.52424810090764,-1.433447098976104,Negative
285,TATAPOWER,EQ,2018-07-04,72.2,72.25,72.55,71.6,72.0,72.05,72.1,2327587,167808694.65,11030,1020527,43.84,2018,7,85.50559586019868,-0.27681660899654403,Slight or No change
286,TATAPOWER,EQ,2018-07-05,72.05,72.0,72.2,71.1,71.25,71.25,71.56,1328748,95084914.6,9143,469225,35.31,2018,7,85.49433930558408,-1.3157894736842146,Negative
287,TATAPOWER,EQ,2018-07-06,71.25,71.2,72.35,71.0,71.7,71.75,71.87,1688831,121381763.55,7401,857146,50.75,2018,7,85.48055922040801,-0.4163775156141525,Slight or No change
288,TATAPOWER,EQ,2018-07-09,71.75,72.0,73.8,72.0,73.55,73.2,72.88,1713958,124911489.75,7895,768410,44.83,2018,7,85.46807623441327,2.736842105263171,Positive
289,TATAPOWER,EQ,2018-07-10,73.2,73.75,74.1,72.75,72.95,73.05,73.26,1897237,138988328.0,7238,790155,41.65,2018,7,85.45411937554572,1.8118466898954688,Positive
290,TATAPOWER,EQ,2018-07-11,73.05,72.55,73.45,71.65,71.9,72.2,72.38,2829649,204804197.3,11753,1125425,39.77,2018,7,85.4319390539465,-1.3661202185792365,Negative
291,TATAPOWER,EQ,2018-07-12,72.2,71.4,71.7,69.3,69.5,69.5,70.52,4361939,307618542.45,23538,1306245,29.95,2018,7,85.39094567432146,-4.859685147159476,Among top losers
292,TATAPOWER,EQ,2018-07-13,69.5,69.7,70.5,69.1,70.2,70.15,69.78,3113836,217280358.6,17015,1506348,48.38,2018,7,85.36300247224993,-2.8393351800554023,Negative
293,TATAPOWER,EQ,2018-07-16,70.15,70.0,70.15,68.65,68.9,68.95,69.12,2182138,150834895.35,12387,1170871,53.66,2018,7,85.34194136861424,-0.7913669064748108,Slight negative
294,TATAPOWER,EQ,2018-07-17,68.95,68.7,71.3,68.05,70.75,70.9,70.28,2621707,184253566.65,15621,830332,31.67,2018,7,85.31971074834131,1.0691375623663513,Positive
295,TATAPOWER,EQ,2018-07-18,70.9,70.9,71.8,68.9,70.15,70.0,70.23,4730154,332209426.7,14015,2775264,58.67,2018,7,85.27728170726553,1.522842639593902,Positive
296,TATAPOWER,EQ,2018-07-19,70.0,70.2,70.45,67.6,68.5,68.2,69.03,2671048,184376937.8,24476,968705,36.27,2018,7,85.25061563034146,-3.8081805359661547,Among top losers
297,TATAPOWER,EQ,2018-07-20,68.2,68.2,68.3,67.15,67.8,67.85,67.71,2467860,167093404.1,16381,916104,37.12,2018,7,85.22554774409086,-3.0714285714285805,Among top losers
298,TATAPOWER,EQ,2018-07-23,67.85,67.9,68.7,66.55,68.0,68.05,67.7,3592808,243221162.65,10278,1672382,46.55,2018,7,85.1896003607333,-0.21994134897361795,Slight or No change
299,TATAPOWER,EQ,2018-07-24,68.05,68.2,69.0,67.25,67.85,67.8,67.79,8544903,579252160.3,13409,4800319,56.18,2018,7,85.10346866728466,-0.07369196757552876,Slight or No change
300,TATAPOWER,EQ,2018-07-25,67.8,68.1,69.45,67.5,67.8,67.8,68.47,2761319,189074514.6,13506,933668,33.81,2018,7,85.07581699357152,-0.3673769287288797,Slight or No change
301,TATAPOWER,EQ,2018-07-26,67.8,68.0,72.5,68.0,71.15,70.85,70.82,13063298,925197256.3,38953,1415482,10.84,2018,7,84.9690761120706,4.498525073746307,Among top gainers
302,TATAPOWER,EQ,2018-07-27,70.85,71.05,72.5,70.85,71.9,71.85,71.82,4748886,341073428.05,20634,1248031,26.28,2018,7,84.93338889124156,5.973451327433632,Among top gainers
303,TATAPOWER,EQ,2018-07-30,71.85,71.9,74.7,70.9,73.75,73.85,72.86,5228991,380983361.55,28352,1985051,37.96,2018,7,84.90029031484646,4.234297812279464,Among top gainers
304,TATAPOWER,EQ,2018-07-31,73.85,73.8,75.0,72.6,74.45,74.55,74.09,3593905,266287883.65,21479,1326575,36.91,2018,7,84.87908974705479,3.757828810020891,Among top gainers
305,TATAPOWER,EQ,2018-08-01,74.55,74.4,74.7,72.65,72.8,73.05,73.4,1910149,140198596.1,14785,672386,35.2,2018,8,84.86622579553634,-1.083276912660791,Negative
306,TATAPOWER,EQ,2018-08-02,73.05,73.0,73.1,71.4,71.85,71.95,72.06,2722659,196202234.7,19233,1254982,46.09,2018,8,84.84623583023719,-3.4875922199865794,Among top losers
307,TATAPOWER,EQ,2018-08-03,71.95,71.85,73.2,71.85,72.3,72.35,72.43,2275783,164830133.8,7739,825221,36.26,2018,8,84.83009106391515,-0.9582477754962349,Slight negative
308,TATAPOWER,EQ,2018-08-06,72.35,72.6,72.9,71.65,71.85,71.85,72.24,1936040,139862833.85,7708,954779,49.32,2018,8,84.81584034751249,-0.1389854065323215,Slight or No change
309,TATAPOWER,EQ,2018-08-07,71.85,72.0,72.1,70.05,70.2,70.3,70.71,2069542,146331461.3,11395,745286,36.01,2018,8,84.7988245749508,-2.833448514167236,Negative
310,TATAPOWER,EQ,2018-08-08,70.3,70.3,70.85,69.1,69.5,69.45,69.51,2391506,166225924.4,14370,1007125,42.11,2018,8,84.77806139105485,-3.340292275574097,Among top losers
311,TATAPOWER,EQ,2018-08-09,69.45,70.0,70.4,69.2,69.8,69.9,69.91,1540636,107703626.45,6279,390706,25.36,2018,8,84.76510704674199,-0.5689900426742445,Slight negative
312,TATAPOWER,EQ,2018-08-10,69.9,69.9,71.15,69.0,69.2,69.35,69.96,2354841,164739888.7,11790,592126,25.15,2018,8,84.74461904592351,-0.14398848092154193,Slight or No change
313,TATAPOWER,EQ,2018-08-13,69.35,69.15,70.05,68.55,68.7,68.75,69.23,2145648,148533657.65,9703,599777,27.95,2018,8,84.72527273306805,-1.6452074391988591,Negative
314,TATAPOWER,EQ,2018-08-14,68.75,69.05,69.55,68.6,68.7,68.75,68.94,1529387,105430365.4,7192,535235,35.0,2018,8,84.71151150351858,-0.8651766402307026,Slight negative
315,TATAPOWER,EQ,2018-08-16,68.75,68.55,68.55,67.0,67.2,67.15,67.74,3007914,203744055.25,14544,1694370,56.33,2018,8,84.68180963814716,-2.3272727272727223,Negative
316,TATAPOWER,EQ,2018-08-17,67.15,67.4,69.0,67.05,68.9,68.65,68.04,2814891,191513039.3,14744,751003,26.68,2018,8,84.65647505852736,-0.1454545454545375,Slight or No change
317,TATAPOWER,EQ,2018-08-20,68.65,68.9,70.35,68.5,70.05,70.05,69.59,1947407,135514863.7,9846,662476,34.02,2018,8,84.64052371822912,4.31868950111689,Among top gainers
318,TATAPOWER,EQ,2018-08-21,70.05,69.8,73.0,69.7,72.9,72.25,71.38,4051774,289220890.95,17436,1570160,38.75,2018,8,84.61243420337475,5.243991260014558,Among top gainers
319,TATAPOWER,EQ,2018-08-23,72.25,73.4,73.4,71.15,71.9,72.05,72.14,3874963,279547006.2,19475,1230071,31.74,2018,8,84.58525666282203,2.8551034975017764,Positive
320,TATAPOWER,EQ,2018-08-24,72.05,71.8,72.5,70.6,71.7,71.75,71.72,1880021,134826776.8,7038,455911,24.25,2018,8,84.57179866524474,-0.692041522491349,Slight negative
321,TATAPOWER,EQ,2018-08-27,71.75,71.8,76.6,71.8,75.65,75.6,74.88,8322360,623209288.15,29485,2620909,31.49,2018,8,84.53034832643726,4.927133934767514,Among top gainers
322,TATAPOWER,EQ,2018-08-28,75.6,75.4,76.75,73.85,74.6,74.85,75.37,6849642,516291747.45,27683,1508678,22.03,2018,8,84.49367817951116,4.32055749128919,Among top gainers
323,TATAPOWER,EQ,2018-08-29,74.85,74.45,77.65,74.4,76.9,76.9,76.53,5498653,420799018.1,21174,1968678,35.8,2018,8,84.47065614889749,1.719576719576743,Positive
324,TATAPOWER,EQ,2018-08-30,76.9,77.0,77.4,75.7,76.15,76.1,76.64,3984371,305365396.85,14131,1410964,35.41,2018,8,84.45230761464545,1.6700066800267255,Positive
325,TATAPOWER,EQ,2018-08-31,76.1,75.5,77.6,74.35,76.45,76.7,76.2,8664078,660177289.95,31600,4393208,50.71,2018,8,84.41553112396971,-0.2600780234070288,Slight or No change
326,TATAPOWER,EQ,2018-09-03,76.7,77.0,79.0,76.25,78.5,78.2,78.22,9367421,732698211.35,21837,5315196,56.74,2018,9,84.38381402964329,2.7595269382391763,Positive
327,TATAPOWER,EQ,2018-09-04,78.2,78.85,78.85,72.75,74.0,73.35,75.58,6421244,485308209.95,22232,1973720,30.74,2018,9,84.34535277476769,-4.36766623207302,Among top losers
328,TATAPOWER,EQ,2018-09-05,73.35,73.5,75.35,72.7,75.15,74.9,74.2,4558713,338241708.9,17776,1244852,27.31,2018,9,84.32203615262162,-4.21994884910486,Among top losers
329,TATAPOWER,EQ,2018-09-06,74.9,75.35,75.8,73.6,74.7,75.05,74.84,3305924,247412337.2,13173,1027733,31.09,2018,9,84.30546714837071,2.3176550783912786,Positive
330,TATAPOWER,EQ,2018-09-07,75.05,74.95,75.95,73.85,75.5,75.2,75.19,3672000,276089914.85,28129,1510155,41.13,2018,9,84.28742982172196,0.4005340453938633,Slight or No change
331,TATAPOWER,EQ,2018-09-10,75.2,75.35,75.8,73.5,73.95,73.8,74.41,2481496,184657722.25,9398,732725,29.53,2018,9,84.27340914695948,-1.6655562958027947,Negative
332,TATAPOWER,EQ,2018-09-11,73.8,73.95,76.95,73.9,74.25,74.45,75.66,9600604,726351482.1,30630,2281963,23.77,2018,9,84.22286084867915,-0.9973404255319118,Slight negative
333,TATAPOWER,EQ,2018-09-12,74.45,74.8,74.95,72.9,73.85,74.0,73.84,3114148,229951658.9,12336,732064,23.51,2018,9,84.20582620055545,0.27100271002711285,Slight or No change
334,TATAPOWER,EQ,2018-09-14,74.0,74.15,76.5,74.15,76.0,76.2,75.82,3673610,278531745.6,14092,1355044,36.89,2018,9,84.1901201198035,2.3505708529214298,Positive
335,TATAPOWER,EQ,2018-09-17,76.2,75.95,78.7,75.1,77.8,77.9,77.31,4917413,380145785.25,19477,1133413,23.05,2018,9,84.17364512624049,5.270270270270272,Among top gainers
336,TATAPOWER,EQ,2018-09-18,77.9,77.9,78.95,74.05,75.0,74.6,76.97,5822581,448139751.0,23418,2169243,37.26,2018,9,84.14404608144697,-2.09973753280841,Negative
337,TATAPOWER,EQ,2018-09-19,74.6,75.25,77.35,74.8,75.3,75.55,76.01,5377830,408745156.35,16899,1533531,28.52,2018,9,84.11957511108007,-3.0166880616174674,Among top losers
338,TATAPOWER,EQ,2018-09-21,75.55,75.55,76.5,68.25,72.75,72.9,73.24,11584620,848510418.05,40251,6084535,52.52,2018,9,84.05117624280204,-2.278820375335111,Negative
339,TATAPOWER,EQ,2018-09-24,72.9,72.8,72.9,68.1,68.75,69.1,69.59,5131356,357097957.0,24276,1803773,35.15,2018,9,84.01091130377303,-8.537392455327597,Bear drop
340,TATAPOWER,EQ,2018-09-25,69.1,69.0,71.3,68.0,70.25,70.3,69.88,6281761,438998308.75,25606,2797788,44.54,2018,9,83.96585684108129,-3.566529492455428,Among top losers
341,TATAPOWER,EQ,2018-09-26,70.3,70.7,70.95,68.9,70.05,70.25,69.96,3273684,229036338.4,14921,994646,30.38,2018,9,83.94240879294549,1.664254703328516,Positive
342,TATAPOWER,EQ,2018-09-27,70.25,70.05,70.65,68.2,68.8,68.6,69.3,3697390,256219338.05,13201,1554159,42.03,2018,9,83.91284241846728,-2.4182076813655806,Negative
343,TATAPOWER,EQ,2018-09-28,68.6,69.1,69.35,65.5,65.85,65.85,67.28,4314947,290297442.4,23668,899038,20.84,2018,9,83.8723106830884,-6.263345195729542,Among top losers
344,TATAPOWER,EQ,2018-10-01,65.85,66.45,68.4,64.8,67.75,67.95,67.03,5836832,391271612.0,33235,2322411,39.79,2018,10,83.82412692369375,-0.9475218658892004,Slight negative
345,TATAPOWER,EQ,2018-10-03,67.95,67.7,69.25,66.35,67.5,67.5,67.89,3650280,247819321.4,23997,768543,21.05,2018,10,83.79329132420945,2.505694760820054,Positive
346,TATAPOWER,EQ,2018-10-04,67.5,66.9,68.0,66.1,66.85,66.85,66.93,2925150,195774773.3,11166,800491,27.37,2018,10,83.76768275747648,-1.6188373804267964,Negative
347,TATAPOWER,EQ,2018-10-05,66.85,67.5,67.5,62.3,62.4,62.85,64.48,3751740,241896583.75,16885,1536656,40.96,2018,10,83.72721169727527,-6.888888888888889,Among top losers
348,TATAPOWER,EQ,2018-10-08,62.85,62.85,65.3,60.35,61.75,61.5,62.63,4837741,302992891.55,34497,1336639,27.63,2018,10,83.67189659319287,-8.002991772625268,Bear drop
349,TATAPOWER,EQ,2018-10-09,61.5,61.95,62.4,59.8,61.2,60.95,61.14,4969265,303820670.65,20315,1932996,38.9,2018,10,83.61396117990826,-3.023070803500394,Among top losers
350,TATAPOWER,EQ,2018-10-10,60.95,61.3,65.45,61.25,65.2,65.0,63.2,5665257,358065103.25,19390,1952658,34.47,2018,10,83.5600094738303,5.691056910569103,Among top gainers
351,TATAPOWER,EQ,2018-10-11,65.0,62.8,63.9,61.6,62.4,62.25,62.89,5043513,317211168.55,25115,2138274,42.4,2018,10,83.50516354972781,2.132895816242808,Positive
352,TATAPOWER,EQ,2018-10-12,62.25,63.1,72.1,62.95,69.55,68.85,68.67,29093448,1997873396.25,89556,8576558,29.48,2018,10,83.29076931824824,5.92307692307692,Among top gainers
353,TATAPOWER,EQ,2018-10-15,68.85,69.95,71.6,68.8,70.95,71.25,70.77,11621446,822435085.8,57269,3579454,30.8,2018,10,83.22081554587831,14.457831325301207,Bull run
354,TATAPOWER,EQ,2018-10-16,71.25,71.55,74.05,70.5,73.95,73.8,72.79,11095793,807678839.35,58564,4235167,38.17,2018,10,83.1688469211636,7.189542483660127,Bull run
355,TATAPOWER,EQ,2018-10-17,73.8,74.25,74.6,71.7,72.8,72.55,73.49,10862420,798235925.85,80567,5119982,47.13,2018,10,83.11180957620219,1.8245614035087732,Positive
356,TATAPOWER,EQ,2018-10-19,72.55,72.0,72.4,69.3,70.8,70.15,70.56,4497227,317311027.7,16083,1178662,26.21,2018,10,83.08304876873693,-4.945799457994571,Among top losers
357,TATAPOWER,EQ,2018-10-22,70.15,70.8,71.4,68.8,69.8,69.6,69.82,7954462,555353010.4,24956,3551582,44.65,2018,10,83.03033932590229,-4.066161268090973,Among top losers
358,TATAPOWER,EQ,2018-10-23,69.6,69.3,69.9,67.95,69.0,69.45,69.21,4377235,302960412.0,22530,1880139,42.95,2018,10,83.0011874353922,-0.9978617248752708,Slight negative
359,TATAPOWER,EQ,2018-10-24,69.45,69.6,70.9,68.5,69.25,69.25,69.3,2743564,190121749.9,10721,963564,35.12,2018,10,82.9827105994408,-0.5028735632183867,Slight negative
360,TATAPOWER,EQ,2018-10-25,69.25,68.8,69.9,67.55,69.0,69.0,68.95,9727241,670717250.3,23418,6539150,67.23,2018,10,82.91641429337416,-0.6479481641468721,Slight negative
361,TATAPOWER,EQ,2018-10-26,69.0,68.9,70.75,68.0,69.0,68.9,69.28,5515389,382096252.9,27282,1724416,31.27,2018,10,82.87883441287387,-0.5054151624548697,Slight negative
362,TATAPOWER,EQ,2018-10-29,68.9,69.2,86.1,68.35,78.4,77.6,78.35,44673883,3500283809.1,116037,10688444,23.93,2018,10,82.76663165713346,12.463768115942031,Bull run
363,TATAPOWER,EQ,2018-10-30,77.6,78.5,80.05,76.65,77.6,77.75,78.02,17409930,1358258205.75,60239,4928681,28.31,2018,10,82.72541826108319,12.844702467343971,Bull run
364,TATAPOWER,EQ,2018-10-31,77.75,78.2,79.0,74.65,76.3,76.55,76.13,9638641,733767338.15,30491,3451248,35.81,2018,10,82.69745804383898,-1.3530927835051498,Negative
365,TATAPOWER,EQ,2018-11-01,76.55,76.3,77.7,75.3,76.15,76.35,76.37,9074632,693001917.1,27123,3193038,35.19,2018,11,82.6705154207011,-1.8006430868167222,Negative
366,TATAPOWER,EQ,2018-11-02,76.35,77.2,77.4,75.3,75.95,76.0,76.62,7177611,549928941.05,32977,2436121,33.94,2018,11,82.64819539410202,-0.7184846505551845,Slight negative
367,TATAPOWER,EQ,2018-11-05,76.0,74.9,75.85,73.25,75.7,75.3,74.63,4561329,340401236.6,20180,1148589,25.18,2018,11,82.63260328069697,-1.3752455795677743,Negative
368,TATAPOWER,EQ,2018-11-06,75.3,75.45,77.1,75.0,75.5,75.65,76.04,4673161,355356425.3,14030,1322271,28.3,2018,11,82.61745658482079,-0.4605263157894668,Slight or No change
369,TATAPOWER,EQ,2018-11-07,75.65,76.45,76.5,75.5,75.85,75.95,76.03,437631,33274307.15,2458,187047,42.74,2018,11,82.61610242521691,0.863213811420982,Slight positive
370,TATAPOWER,EQ,2018-11-09,75.95,76.45,77.1,75.0,75.9,75.9,76.07,8564873,651515639.8,24379,4117930,48.08,2018,11,82.58951250847946,0.33046926635822427,Slight or No change
371,TATAPOWER,EQ,2018-11-12,75.9,75.85,76.4,74.15,74.3,74.55,75.05,3131624,235040225.45,10960,1157164,36.95,2018,11,82.57789133893739,-1.8433179723502335,Negative
372,TATAPOWER,EQ,2018-11-13,74.55,74.05,76.5,73.1,76.35,76.05,74.7,5609725,419035435.35,19154,2077549,37.03,2018,11,82.56103194699051,0.19762845849802257,Slight or No change
373,TATAPOWER,EQ,2018-11-14,76.05,76.3,78.75,75.5,77.9,77.95,77.51,5642238,437324456.2,21863,1596314,28.29,2018,11,82.54908518328526,4.560697518444012,Among top gainers
374,TATAPOWER,EQ,2018-11-15,77.95,78.0,78.4,75.9,76.5,76.7,76.84,3328106,255718652.2,17743,719072,21.61,2018,11,82.5401598872802,0.8547008547008517,Slight positive
375,TATAPOWER,EQ,2018-11-16,76.7,76.8,77.4,75.1,76.6,76.8,76.34,4743419,362121442.2,17943,1727070,36.41,2018,11,82.52770300067425,-1.4753046824887872,Negative
376,TATAPOWER,EQ,2018-11-19,76.8,76.9,77.8,75.8,77.2,77.35,76.99,5660440,435807776.95,21880,2400977,42.42,2018,11,82.51432909874671,0.8474576271186418,Slight positive
377,TATAPOWER,EQ,2018-11-20,77.35,77.35,78.85,76.35,78.1,78.3,77.9,10567258,823193451.2,22638,4078868,38.6,2018,11,82.49410484982775,1.953125,Positive
378,TATAPOWER,EQ,2018-11-21,78.3,78.1,79.1,76.75,77.65,78.15,78.01,4999835,390046138.1,24912,1578793,31.58,2018,11,82.48426354618324,1.034259857789288,Positive
379,TATAPOWER,EQ,2018-11-22,78.15,77.75,78.25,74.5,74.9,74.9,76.09,4807716,365806161.8,17293,1238571,25.76,2018,11,82.467777980721,-4.342273307790534,Among top losers
380,TATAPOWER,EQ,2018-11-26,74.9,75.5,76.4,74.45,75.9,75.55,75.42,4950029,373322715.05,16441,1417743,28.64,2018,11,82.45233059017983,-3.3269353806781976,Among top losers
381,TATAPOWER,EQ,2018-11-27,75.55,75.65,76.2,74.5,76.0,75.65,75.39,4127732,311196950.6,14234,1613012,39.08,2018,11,82.43968782526136,1.001335113484636,Positive
382,TATAPOWER,EQ,2018-11-28,75.65,76.1,76.1,73.85,74.3,74.4,74.71,3949157,295060002.45,13734,1333138,33.76,2018,11,82.42541713925733,-1.5221707478490942,Negative
383,TATAPOWER,EQ,2018-11-29,74.4,74.9,75.75,73.4,75.0,75.2,75.03,14742072,1106045305.95,19089,9508137,64.5,2018,11,82.37785575134744,-0.594844679444817,Slight negative
384,TATAPOWER,EQ,2018-11-30,75.2,75.2,76.5,73.75,75.95,76.1,75.53,8135493,614444109.15,33575,4439231,54.57,2018,11,82.35513338709606,2.2849462365591267,Positive
385,TATAPOWER,EQ,2018-12-03,76.1,76.9,83.15,76.75,82.1,82.55,80.88,29213251,2362791425.75,100080,7574695,25.93,2018,12,82.35763354558323,9.77393617021276,Bull run
386,TATAPOWER,EQ,2018-12-04,82.55,82.55,83.85,80.7,81.15,81.5,82.2,9652045,793377001.85,42258,2829403,29.31,2018,12,82.35401333193212,7.0959264126149835,Bull run
387,TATAPOWER,EQ,2018-12-05,81.5,80.75,81.5,79.9,80.5,80.45,80.54,4817088,387991689.95,35398,1410617,29.28,2018,12,82.35001062573247,-2.5439127801332506,Negative
388,TATAPOWER,EQ,2018-12-06,80.45,80.2,80.2,78.8,79.05,79.4,79.65,4685342,373205976.75,28275,2508378,53.54,2018,12,82.34399089717257,-2.5766871165644134,Negative
389,TATAPOWER,EQ,2018-12-07,79.4,80.0,81.15,78.35,79.1,79.45,79.8,5677506,453078459.15,22939,2404088,42.34,2018,12,82.33685260624925,-1.2430080795525211,Negative
390,TATAPOWER,EQ,2018-12-10,79.45,78.5,79.3,76.3,77.8,77.65,77.84,3040723,236688512.05,21412,929564,30.57,2018,12,82.3306692496412,-2.2040302267002487,Negative
391,TATAPOWER,EQ,2018-12-11,77.65,76.1,80.15,75.85,79.2,79.15,78.77,3917069,308532725.2,25148,1033692,26.39,2018,12,82.32527279658565,-0.37759597230963005,Slight or No change
392,TATAPOWER,EQ,2018-12-12,79.15,79.35,79.95,77.75,78.85,79.1,79.12,4227632,334481532.2,20872,1429633,33.82,2018,12,82.31937760712773,1.8673535093367555,Positive
393,TATAPOWER,EQ,2018-12-13,79.1,79.25,81.3,77.5,78.75,78.7,79.53,5535207,440210413.5,25699,1137960,20.56,2018,12,82.310736610948,-0.5685407454200875,Slight negative
394,TATAPOWER,EQ,2018-12-14,78.7,78.75,79.85,78.15,79.3,79.3,79.21,1828782,144852836.7,10211,432613,23.66,2018,12,82.3083636623874,0.25284450063212116,Slight or No change
395,TATAPOWER,EQ,2018-12-17,79.3,79.6,80.9,77.4,77.9,77.9,78.58,3358110,263891218.2,12971,1293110,38.51,2018,12,82.30199280522392,-1.0165184243964398,Negative
396,TATAPOWER,EQ,2018-12-18,77.9,77.75,78.95,77.45,78.85,78.65,78.23,3915779,306347515.55,10530,1895675,48.41,2018,12,82.2958489301212,-0.8196721311475308,Slight negative
397,TATAPOWER,EQ,2018-12-19,78.65,78.8,80.3,78.6,79.3,79.5,79.64,3721346,296366647.45,9911,1508272,40.53,2018,12,82.29138605999239,2.0539152759948553,Positive
398,TATAPOWER,EQ,2018-12-20,79.5,76.05,80.9,76.05,80.5,80.25,78.99,9768078,771570627.9,29351,3595920,36.81,2018,12,82.28286842772779,2.0343293070565815,Positive
399,TATAPOWER,EQ,2018-12-21,80.25,80.5,80.65,76.05,76.15,76.45,77.63,7243377,562339467.1,22029,3114258,42.99,2018,12,82.26487697454515,-3.836477987421383,Among top losers
400,TATAPOWER,EQ,2018-12-24,76.45,76.8,78.65,76.1,76.85,76.8,77.47,5132728,397607873.0,12159,1298391,25.3,2018,12,82.25295842489935,-4.299065420560755,Among top losers
401,TATAPOWER,EQ,2018-12-26,76.8,76.6,76.7,74.85,75.95,75.95,75.82,4017872,304618578.35,10823,1428092,35.54,2018,12,82.24221619350267,-0.6540222367560466,Slight negative
402,TATAPOWER,EQ,2018-12-27,75.95,76.7,77.7,75.5,77.35,77.0,76.84,12997320,998726443.1,22045,7231354,55.64,2018,12,82.21347300754262,0.26041666666667407,Slight or No change
403,TATAPOWER,EQ,2018-12-28,77.0,77.15,77.85,76.8,77.25,77.1,77.21,3477676,268501208.35,10431,1667902,47.96,2018,12,82.20598209767819,1.514154048716243,Positive
404,TATAPOWER,EQ,2018-12-31,77.1,77.35,78.0,76.1,76.7,76.8,77.01,3602334,277401928.4,12428,1490145,41.37,2018,12,82.19779123685802,-0.2597402597402598,Slight or No change
405,TATAPOWER,EQ,2019-01-01,76.8,77.0,77.25,76.3,76.75,76.7,76.73,2153622,165247976.45,4832,904125,41.98,2019,1,82.19281575122369,-0.5188067444876654,Slight negative
406,TATAPOWER,EQ,2019-01-02,76.7,76.8,76.95,74.4,74.5,74.85,75.5,2504768,189122472.3,10097,821131,32.78,2019,1,82.1850951519593,-2.5390625,Negative
407,TATAPOWER,EQ,2019-01-03,74.85,76.0,76.25,73.85,74.15,74.2,74.96,4583837,343619828.75,18710,894722,19.52,2019,1,82.16975974627557,-3.25945241199479,Among top losers
408,TATAPOWER,EQ,2019-01-04,74.2,74.3,75.55,73.7,75.1,75.05,74.78,3170169,237052519.7,12015,1005305,31.71,2019,1,82.16031571736937,0.2672010688042681,Slight or No change
409,TATAPOWER,EQ,2019-01-07,75.05,75.45,75.75,74.25,74.8,74.7,74.96,1691362,126791933.4,8447,469203,27.74,2019,1,82.15503982301206,0.6738544474393482,Slight positive
410,TATAPOWER,EQ,2019-01-08,74.7,74.75,75.5,74.55,75.0,74.95,75.0,1684121,126317240.65,10320,675254,40.1,2019,1,82.14996984257691,-0.13324450366422047,Slight or No change
411,TATAPOWER,EQ,2019-01-09,74.95,75.1,75.5,73.85,74.25,74.35,74.43,2006348,149323772.05,10277,649890,32.39,2019,1,82.14343655350963,-0.46854082998663005,Slight or No change
412,TATAPOWER,EQ,2019-01-10,74.35,74.25,75.1,73.9,74.9,74.9,74.58,1704653,127129910.3,9163,509279,29.88,2019,1,82.13828540136521,-0.06671114076050033,Slight or No change
413,TATAPOWER,EQ,2019-01-11,74.9,75.1,75.25,73.8,75.1,75.0,74.71,3214817,240191292.8,13804,1841064,57.27,2019,1,82.12872465435032,0.8742434431741941,Slight positive
414,TATAPOWER,EQ,2019-01-14,75.0,75.0,75.0,73.7,74.2,74.3,74.19,3702534,274701742.3,9790,2169020,58.58,2019,1,82.11666701389896,-0.8010680907877266,Slight negative
415,TATAPOWER,EQ,2019-01-15,74.3,74.5,75.25,74.15,75.25,75.05,74.98,3099444,232406717.75,12029,1840894,59.39,2019,1,82.10756764862542,0.06666666666665932,Slight or No change
416,TATAPOWER,EQ,2019-01-16,75.05,75.0,76.95,74.5,76.25,76.5,76.32,4222858,322305705.8,18136,1766475,41.83,2019,1,82.09774717497113,2.960969044414541,Positive
417,TATAPOWER,EQ,2019-01-17,76.5,76.35,76.95,74.95,76.0,76.0,75.97,4496763,341604927.35,14496,2070617,46.05,2019,1,82.08639676118797,1.2658227848101333,Positive
418,TATAPOWER,EQ,2019-01-18,76.0,76.0,76.45,75.15,76.3,76.0,75.84,4009644,304086212.85,12529,2329798,58.1,2019,1,82.07631147736349,-0.6535947712418277,Slight negative
419,TATAPOWER,EQ,2019-01-21,76.0,76.0,77.2,75.45,75.65,75.95,76.38,5188679,396336462.9,12197,2999949,57.82,2019,1,82.0632031378606,-0.06578947368420796,Slight or No change
420,TATAPOWER,EQ,2019-01-22,75.95,75.9,77.5,74.9,77.25,76.35,76.0,4074882,309696757.6,10875,2277047,55.88,2019,1,82.05361890536209,0.4605263157894557,Slight or No change
421,TATAPOWER,EQ,2019-01-23,76.35,77.0,77.95,74.85,74.9,75.2,76.68,5394325,413660574.6,18404,1622748,30.08,2019,1,82.03843245386265,-0.9874917709019049,Slight negative
422,TATAPOWER,EQ,2019-01-24,75.2,75.3,75.75,74.3,74.6,74.55,74.79,3700318,276736822.5,16547,2041774,55.18,2019,1,82.027067449839,-2.357563850687616,Negative
423,TATAPOWER,EQ,2019-01-25,74.55,74.7,75.3,73.45,73.65,73.95,74.53,3724093,277563737.35,12694,1898450,50.98,2019,1,82.0147491432313,-1.66223404255319,Negative
424,TATAPOWER,EQ,2019-01-28,73.95,73.95,73.95,69.65,70.0,70.95,71.81,5766908,414092939.8,17135,2024405,35.1,2019,1,81.98867938971213,-4.828973843058337,Among top losers
425,TATAPOWER,EQ,2019-01-29,70.95,68.5,72.4,68.5,70.9,71.05,70.78,12562431,889192580.9,41506,4762338,37.91,2019,1,81.93282367517857,-3.9215686274509887,Among top losers
426,TATAPOWER,EQ,2019-01-30,71.05,71.2,71.5,67.9,68.25,68.15,68.83,4846733,333608004.45,18888,2134174,44.03,2019,1,81.90572415614167,-3.946441155743474,Among top losers
427,TATAPOWER,EQ,2019-01-31,68.15,68.45,72.0,67.9,71.2,71.3,70.29,7442257,523125269.35,38708,3153299,42.37,2019,1,81.87380068773648,0.3518648838845895,Slight or No change
428,TATAPOWER,EQ,2019-02-01,71.3,71.5,72.3,70.25,71.5,71.5,71.34,3343602,238534120.75,17233,1352078,40.44,2019,2,81.8597909293011,4.915627292736602,Among top gainers
429,TATAPOWER,EQ,2019-02-04,71.5,71.0,71.15,69.55,70.75,70.55,70.24,3028680,212743586.4,12722,1242302,41.02,2019,2,81.84597261102904,-1.051893408134641,Negative
430,TATAPOWER,EQ,2019-02-05,70.55,70.25,71.75,69.25,69.45,69.9,70.18,2916745,204711193.9,15256,1079966,37.03,2019,2,81.83193295423314,-2.237762237762231,Negative
431,TATAPOWER,EQ,2019-02-06,69.9,69.8,70.9,68.4,70.65,70.4,69.56,3066537,213306330.7,18015,1085990,35.41,2019,2,81.81782486814286,-0.2126151665485354,Slight or No change
432,TATAPOWER,EQ,2019-02-07,70.4,70.4,71.4,69.15,69.35,69.6,69.86,3536220,247032675.0,15094,667451,18.87,2019,2,81.80046222720588,-0.42918454935624295,Slight or No change
433,TATAPOWER,EQ,2019-02-08,69.6,69.05,70.35,68.05,68.2,68.75,69.34,2124482,147319105.25,21421,700393,32.97,2019,2,81.78932977249019,-2.343750000000011,Negative
434,TATAPOWER,EQ,2019-02-11,68.75,68.45,68.45,65.15,66.1,65.55,66.41,7041255,467630197.4,36905,3973055,56.43,2019,2,81.74354679425372,-5.818965517241381,Among top losers
435,TATAPOWER,EQ,2019-02-12,65.55,65.65,67.25,65.5,66.5,66.3,66.41,4213698,279823192.05,24979,1871619,44.42,2019,2,81.71753536439498,-3.563636363636369,Among top losers
436,TATAPOWER,EQ,2019-02-13,66.3,66.5,68.15,64.6,64.75,65.25,66.41,4469396,296805098.1,25032,1162354,26.01,2019,2,81.68816860409581,-0.4576659038901587,Slight or No change
437,TATAPOWER,EQ,2019-02-14,65.25,65.8,67.85,65.1,67.3,67.55,66.97,6828282,457290064.4,14305,3578211,52.4,2019,2,81.6497535395123,1.8853695324283493,Positive
438,TATAPOWER,EQ,2019-02-15,67.55,67.3,70.2,66.45,69.0,69.2,68.93,11110591,765889971.55,19933,5103578,45.93,2019,2,81.59495373197358,6.053639846743297,Among top gainers
439,TATAPOWER,EQ,2019-02-18,69.2,69.2,69.5,65.05,65.5,65.35,66.6,6717626,447385355.9,17532,2085504,31.05,2019,2,81.55183547888772,-3.2568467801628476,Among top losers
440,TATAPOWER,EQ,2019-02-19,65.35,65.9,67.15,65.65,66.0,65.9,66.3,2892850,191809397.55,10063,784062,27.1,2019,2,81.53396558702838,-4.7687861271676235,Among top losers
441,TATAPOWER,EQ,2019-02-20,65.9,66.45,67.95,65.8,67.7,66.9,66.54,5950455,395920545.7,13323,2701739,45.4,2019,2,81.49967900309204,2.371843917368044,Positive
442,TATAPOWER,EQ,2019-02-21,66.9,67.7,68.15,66.85,67.4,67.45,67.59,3283026,221906943.3,16692,1305199,39.76,2019,2,81.48154090686553,2.3520485584218376,Positive
443,TATAPOWER,EQ,2019-02-22,67.45,67.5,67.95,66.75,67.15,67.1,67.23,3078805,207001896.0,10264,1597721,51.89,2019,2,81.4641503654323,0.2989536621823552,Slight or No change
444,TATAPOWER,EQ,2019-02-25,67.1,67.1,67.45,66.4,66.65,66.55,66.83,3161336,211275537.8,14160,1275706,40.35,2019,2,81.44565530434258,-1.3343217197924417,Negative
445,TATAPOWER,EQ,2019-02-26,66.55,66.3,67.15,64.05,66.55,66.15,66.13,10552247,697833602.8,21952,4816382,45.64,2019,2,81.38260231980291,-1.41579731743664,Negative
446,TATAPOWER,EQ,2019-02-27,66.15,66.55,67.95,65.15,65.35,65.5,66.42,4724311,313779998.0,12133,1106461,23.42,2019,2,81.35334382569108,-1.577761081893314,Negative
447,TATAPOWER,EQ,2019-02-28,65.5,65.9,66.25,65.1,65.55,65.45,65.47,9665743,632787532.85,21959,4781194,49.47,2019,2,81.29362905922456,-1.0582010582010581,Negative
448,TATAPOWER,EQ,2019-03-01,65.45,66.0,67.75,65.6,67.2,67.05,67.09,11001198,738063306.0,21348,5547168,50.42,2019,3,81.23301594215361,2.366412213740454,Positive
449,TATAPOWER,EQ,2019-03-05,67.05,67.85,69.65,67.2,69.2,69.15,68.89,13327374,918158500.8,33585,6048325,45.38,2019,3,81.1710443339649,5.653170359052706,Among top gainers
450,TATAPOWER,EQ,2019-03-06,69.15,70.0,72.15,69.2,71.55,71.3,70.82,11046556,782371586.15,31075,2851172,25.81,2019,3,81.12925932263553,6.338553318419082,Among top gainers
451,TATAPOWER,EQ,2019-03-07,71.3,73.0,73.95,70.35,70.6,70.55,71.7,12534795,898800631.2,33312,2147540,17.13,2019,3,81.07868594839334,2.024584237165561,Positive
452,TATAPOWER,EQ,2019-03-08,70.55,70.45,70.75,68.85,70.15,70.0,69.79,6200799,432753673.55,15990,1926441,31.07,2019,3,81.05254872053847,-1.8232819074333717,Negative
453,TATAPOWER,EQ,2019-03-11,70.0,71.2,72.1,70.3,71.8,71.7,71.44,5319324,379987013.8,21453,1597778,30.04,2019,3,81.0336587195908,1.6300496102055417,Positive
454,TATAPOWER,EQ,2019-03-12,71.7,72.1,74.0,71.95,73.2,73.35,72.91,8901828,649058450.95,37042,4039006,45.37,2019,3,81.00777496016651,4.785714285714282,Among top gainers
455,TATAPOWER,EQ,2019-03-13,73.35,73.0,74.45,72.15,74.15,73.8,73.67,7408808,545798094.25,21856,1878915,25.36,2019,3,80.98762316551363,2.9288702928870203,Positive
456,TATAPOWER,EQ,2019-03-14,73.8,74.15,74.15,72.75,73.0,73.05,73.2,3962991,290095498.85,13310,1449622,36.58,2019,3,80.97577015335462,-0.4089979550102263,Slight or No change
457,TATAPOWER,EQ,2019-03-15,73.05,73.0,74.75,72.8,73.65,73.8,73.89,7751928,572780389.35,21999,3314258,42.75,2019,3,80.9548710953763,0.0,Slight or No change
458,TATAPOWER,EQ,2019-03-18,73.8,74.1,74.7,72.7,73.0,73.05,73.24,5296795,387959518.75,11954,2693146,50.84,2019,3,80.93917133535462,0.0,Slight or No change
459,TATAPOWER,EQ,2019-03-19,73.05,73.45,74.3,72.7,73.15,73.0,73.17,5567624,407390654.3,14625,2047689,36.78,2019,3,80.92263175731499,-1.0840108401083959,Negative
460,TATAPOWER,EQ,2019-03-20,73.0,73.2,73.85,71.7,72.1,72.05,72.38,5050030,365513036.45,15309,2587121,51.23,2019,3,80.90589752117312,-1.3689253935660561,Negative
461,TATAPOWER,EQ,2019-03-22,72.05,73.0,73.8,72.0,72.25,72.55,72.97,3913385,285576558.05,19546,1129928,28.87,2019,3,80.8937028278905,-0.6164383561643838,Slight negative
462,TATAPOWER,EQ,2019-03-25,72.55,72.45,73.15,70.55,72.1,71.9,72.13,4332510,312493937.0,10833,1203149,27.77,2019,3,80.8791950072495,-0.2081887578070707,Slight or No change
463,TATAPOWER,EQ,2019-03-26,71.9,72.45,73.0,70.85,71.55,71.3,71.62,3789439,271417625.75,10191,1677607,44.27,2019,3,80.86569867729,-1.7229496898690577,Negative
464,TATAPOWER,EQ,2019-03-27,71.3,71.45,72.9,71.1,71.3,71.4,72.14,4812399,347157152.15,15797,1761006,36.59,2019,3,80.84879233395124,-0.6954102920723182,Slight negative
465,TATAPOWER,EQ,2019-03-28,71.4,71.9,72.65,71.1,71.5,71.55,71.69,9265724,664268995.0,19452,4264255,46.02,2019,3,80.81692465941607,0.3506311360448766,Slight or No change
466,TATAPOWER,EQ,2019-03-29,71.55,72.4,74.55,72.0,73.65,73.8,73.58,9504154,699352340.75,30402,2415601,25.42,2019,3,80.79234472271432,3.361344537815114,Among top gainers
467,TATAPOWER,EQ,2019-04-01,73.8,74.2,76.0,73.7,74.3,74.4,74.9,7267624,544323445.2,21065,1790779,24.64,2019,4,80.77526773129901,3.9832285115304122,Among top gainers
468,TATAPOWER,EQ,2019-04-02,74.4,75.5,77.0,73.1,74.3,74.05,75.12,12971969,974430592.0,36667,2179318,16.8,2019,4,80.7433517447872,0.3387533875338855,Slight or No change
469,TATAPOWER,EQ,2019-04-03,74.05,74.55,74.55,71.05,71.3,71.45,72.6,6417056,465894507.1,20503,2196045,34.22,2019,4,80.72158554398011,-3.9650537634408622,Among top losers
470,TATAPOWER,EQ,2019-04-04,71.45,71.5,72.4,70.25,70.65,70.75,70.97,6416069,455362006.1,22126,2280399,35.54,2019,4,80.69828898140733,-4.456448345712349,Among top losers
471,TATAPOWER,EQ,2019-04-05,70.75,71.0,72.7,70.5,72.4,71.95,71.77,7793935,559336553.85,20400,2782839,35.71,2019,4,80.67353142884807,0.6997900629811094,Slight positive
472,TATAPOWER,EQ,2019-04-08,71.95,73.0,73.55,70.75,71.8,71.9,72.04,8540124,615243266.0,24801,2338701,27.38,2019,4,80.64640942400624,1.6254416961130724,Positive
473,TATAPOWER,EQ,2019-04-09,71.9,71.9,73.0,70.75,72.9,72.6,71.74,7591689,544624569.9,23973,2707383,35.66,2019,4,80.62435824096941,0.9034051424600342,Slight positive
474,TATAPOWER,EQ,2019-04-10,72.6,72.6,73.2,70.6,71.05,70.9,71.67,6360330,455842735.7,20322,2196951,34.54,2019,4,80.60208230492081,-1.3908205841446475,Negative
475,TATAPOWER,EQ,2019-04-11,70.9,71.4,73.15,70.6,73.15,72.7,72.06,9396530,677129774.45,24959,2913650,31.01,2019,4,80.5754298550086,0.13774104683197397,Slight or No change
476,TATAPOWER,EQ,2019-04-12,72.7,73.05,74.6,71.9,72.8,73.25,72.92,11615133,847001878.4,21035,3766965,32.43,2019,4,80.54501550853777,3.314527503526077,Among top gainers
477,TATAPOWER,EQ,2019-04-15,73.25,73.0,73.2,71.2,71.35,71.35,71.7,11147566,799314490.25,26922,4929088,44.22,2019,4,80.50852107815979,-1.8569463548830933,Negative
478,TATAPOWER,EQ,2019-04-16,71.35,71.75,71.95,71.1,71.4,71.45,71.46,8590291,613835578.75,15166,3369704,39.23,2019,4,80.48090048482801,-2.457337883959043,Negative
479,TATAPOWER,EQ,2019-04-18,71.45,71.75,71.75,70.0,70.5,70.55,70.66,7272249,513858216.45,27740,2957592,40.67,2019,4,80.45533196401853,-1.1212333566923527,Negative
480,TATAPOWER,EQ,2019-04-22,70.55,70.0,70.2,69.0,69.2,69.2,69.57,7738634,538409542.95,14789,2959866,38.25,2019,4,80.4245793092126,-3.14905528341497,Among top losers
481,TATAPOWER,EQ,2019-04-23,69.2,69.5,69.7,68.1,68.2,68.25,68.81,4138151,284752931.85,16938,1138209,27.51,2019,4,80.40681753970163,-3.26009922041105,Among top losers
482,TATAPOWER,EQ,2019-04-24,68.25,68.35,68.5,67.5,67.65,67.8,67.98,7350305,499642441.95,19413,3330942,45.32,2019,4,80.37423290970595,-2.0231213872832443,Negative
483,TATAPOWER,EQ,2019-04-25,67.8,68.0,69.55,67.4,67.85,67.7,68.47,6836123,468056860.9,16795,2322531,33.97,2019,4,80.34383870519316,-0.805860805860803,Slight negative
484,TATAPOWER,EQ,2019-04-26,67.7,68.1,68.2,67.15,67.65,67.9,67.79,4838776,328015119.65,13845,2065785,42.69,2019,4,80.32275181404705,0.1474926253687503,Slight or No change
485,TATAPOWER,EQ,2019-04-30,67.9,67.9,68.1,66.55,67.7,67.8,67.31,5128196,345174595.5,14530,2502851,48.81,2019,4,80.30030225603917,0.1477104874445967,Slight or No change
486,TATAPOWER,EQ,2019-05-02,67.8,67.55,68.2,66.25,66.4,66.6,66.88,8983855,600852390.95,20586,3357761,37.38,2019,5,80.25741043347784,-1.9145802650957444,Negative
487,TATAPOWER,EQ,2019-05-03,66.6,65.6,68.15,65.4,66.95,66.95,67.17,10461436,702730451.0,29168,1052043,10.06,2019,5,80.20907272330496,-1.253687315634211,Negative
488,TATAPOWER,EQ,2019-05-06,66.95,66.65,67.0,65.6,65.8,65.85,66.14,3484887,230489058.6,11356,1403744,40.28,2019,5,80.19171906146657,-1.1261261261261257,Negative
489,TATAPOWER,EQ,2019-05-07,65.85,66.5,66.5,64.1,64.45,64.35,65.01,6153618,400031493.75,23858,2346311,38.13,2019,5,80.157983879876,-3.8834951456310773,Among top losers
490,TATAPOWER,EQ,2019-05-08,64.35,64.0,64.8,63.2,64.65,64.5,64.29,6615929,425371066.0,23860,3208086,48.49,2019,5,80.12221678160314,-2.0501138952163878,Negative
491,TATAPOWER,EQ,2019-05-09,64.5,64.1,64.95,63.9,64.45,64.4,64.43,5987301,385753051.8,19977,3447645,57.58,2019,5,80.08978244316012,0.07770007770009357,Slight or No change
492,TATAPOWER,EQ,2019-05-10,64.4,64.4,65.3,63.6,63.8,63.8,64.47,5801249,373994345.9,29118,2949787,50.85,2019,5,80.05728645583342,-1.0852713178294615,Negative
493,TATAPOWER,EQ,2019-05-13,63.8,63.8,64.3,61.75,62.5,62.6,63.2,5045201,318860512.0,32892,2607155,51.68,2019,5,80.02705247329112,-2.795031055900632,Negative
